topicTitle,blockType,blockName,fileName
Дизайн-мышление E-Learning,SCORM,Дизайн-мышление: лонгрид,дизайн-мышление-scorm2004_4-vq6lDv1-.zip
Навыки успешных переговоров E-Learning,SCORM,Основы эффективных переговоров,навыки-успешных-переговоров-scorm2004_4-trRO6Syn.zip
Убедительный метод продаж E-Learning,SCORM,Убедительный метод продаж,Убедительный метод продаж.zip
ON JOB TRAINING (OJT) E-Learning,SCORM,OJT - Обучение на рабочем месте,Territory management. Обучение.zip
Шаги делового визита: LASER E-Learning,SCORM,LASER,LASER e-learning (1).zip
OSA: On-Shelf Availability Management E-learning,SCORM,OSA: On-Shelf Availability Management,OSA_Mars.zip
Digital for Non Digitals E-Learning,SCORM,Digital for Non Digitals e-learning,530001.zip
Основы управления категорией (Category Essentials) X-segment E-Learning,SCORM,Category Essentials e-learning,813065.zip
Insights E-learning,SCORM,Insights e-learning,65001.zip
Mars P&L Finance (Mars Wrigley) E-learning,SCORM,P&L Finance,P&L.zip
TE&ROI Finance (Mars Wrigley) E-learning,SCORM,Торговые инвестиции & ROI,21APR_S&F_TEROI_RU.zip
Trading terms Finance (Mars Wrigley) E-learning,SCORM,Торговые условия,Торговые условия.zip
Программа: Strategic Revenue Managment (SRM). Module 1: Introduction E-learning,SCORM,Introduction E-learning,C10248.zip
Программа: Strategic Revenue Managment (SRM). Module 2: Mix for Growth E-learning,SCORM,Mix for Growth E-learning,C10302.zip
Программа: Strategic Revenue Managment (SRM). Module 3: Strategic Pricing E-learning,SCORM,Strategic Pricing E-learning,C10303.zip
Программа: Strategic Revenue Managment (SRM). Module 4: Trade Promotions Excellence E-learning,SCORM,Trade Promotions Excellence E-learning,C10304.zip
Программа: Strategic Revenue Managment (SRM). Module 5: Trade Terms Management E-learning,SCORM,Trade Terms Management E-learning,C10305.zip
Program: Finance. Module 1: How Customers Make Money E-learning,SCORM,How Customers Make Money E-learning,Mars_FE_BF_How_customers_220923.zip
Program: Finance. Module 2: Profit Margin and Mark-up E-learning,SCORM,Profit Margin and Mark-up E-learning,Mars_FE_BF_Profit_margin_220923.zip
Program: Finance. Module 3: Calculation Challenge E-learning,SCORM,Calculation Challenge E-learning,3p11484_2022_01_25_15_09_38(EN).zip
Program: Finance. Module 4: Listen to The Expert E-learning,SCORM,Listen to The Expert E-learning,4p11485_2022_01_25_15_22_15(EN).zip
Program: Finance. Module 5: Check What You Know E-learning,SCORM,Check What You Know E-learning,5p11408_2018_03_05_11_50_22(EN).zip
Program: Finance. Module 6: Second Wind: Check What You Know E-learning,SCORM,Second Wind: Check What You Know E-learning,6p11989_2022_01_25_15_46_06(EN).zip
Введение в S&OP+ E-Learning,SCORM,Введение в S&OP+,S&OP+ Introduction eLearning.zip
Философия роста E-Learning,SCORM,Философия роста,540002.zip
Программа: Finance Foundations. Module 1: Growth Philosophy E-Learning,SCORM,Growth Philosophy,C10004_v4.zip
Программа: Finance Foundations. Module 2: Financial Statements E-Learning,SCORM,Financial Statements,C10005_v3.zip
Программа: Finance Foundations. Module 3: Financial KPIs and Accountability E-Learning,SCORM,Financial KPIs and Accountability,C10006_v3.zip
Программа: Finance Foundations. Module 4: Driving the Top-Line E-learning,SCORM,Driving the Top-Line,C10007_v4.zip
Программа: Finance Foundations. Module 5: Driving the Bottom-Line E-learning,SCORM,Driving the Bottom-Line,C10008_v4.zip
Программа: Finance Foundations. Module 6: Driving Cash E-learning,SCORM,Driving Cash,C10009_v3.zip
Программа: Finance Foundations. Module 7: Digital Tools E-Learning,SCORM,Digital Tools,C10010_v3.zip
Программа: Finance Foundations. Module 8: Financial KPIs in the Veterinary World and Conclusion E-learning,SCORM,Financial KPIs in the Veterinary World and Conclusion,C10011_v4.zip
Программа: Spark Your Engagement. Module 1: Seize your opportunity E-learning,SCORM,Seize your opportunity,820003.zip
Программа: Spark Your Engagement. Module 2: Find your purpose E-learning,SCORM,Find your purpose,820004.zip
Программа: Spark Your Engagement. Module 3: Be yourself E-learning,SCORM,Be yourself,820005.zip
Программа: Spark Your Engagement. Module 4: Get what you need E-learning,SCORM,Get what you need,820006.zip
Программа: Spark Your Engagement. Module 5: Manage your manager E-learning,SCORM,Manage your manager,820007.zip
Программа: Spark Your Engagement. Module 6: Keep evolving E-learning,SCORM,Keep evolving,820008.zip
Программа: Shopper Marketing for One Demand. Module 1: Overview E-Learning,SCORM,Overview,TrinitiMarsShopperMarketing1Overview.zip
Программа: Shopper Marketing for One Demand. Module 2: Triple Win E-Learning,SCORM,Triple Win,TrinitiMarsShopperMarketing2TripleWin.zip
Программа: Shopper Marketing for One Demand. Module 3: Winning Value Propositions E-Learning,SCORM,Winning Value Propositions,TrinitiMarsShopperMarketing3WinningValuePropositions.zip
Программа: Shopper Marketing for One Demand. Module 4: The Customer Journey E-Learning,SCORM,The Customer Journey,TrinitiMarsShopperMarketing4TheConsumerJourney.zip
Программа: Shopper Marketing for One Demand. Module 5: Evaluation Impact E-Learning,SCORM,Evaluation Impact,TrinitiMarsShopperMarketing5EvaluatingImpact.zip
Программа: Shopper Marketing for One Demand. Module 6: Take It Further E-Learning,SCORM,Take It Further,TrinitiMarsShopperMarketing6TakeItFurther.zip
Demand Planning E-Learning,SCORM,Demand Planning,Demand Essentials eLearning_SCORM package04.zip
Overview of Flywheel E-Learning,SCORM,Overview of Flywheel,18NOV_PO_FO_EN.zip
Best Next Move E-Learning,SCORM,Best Next Move,40579.zip
Agile Essentials E-learning,SCORM,Agile Essentials,C10230.zip
Value Creation: Fundamentals of Value Creation and Economic Profit E-Learning,SCORM,Value Creation: Fundamentals of Value Creation and Economic Profit,21JUN_SF_VCEP_EN.zip
Программа: Information Security. Module 1: Your Responsibility at Mars E-Learning,SCORM,Your Responsibility at Mars,536001.zip
Программа: Information Security. Module 2: Protecting Your Digital Identity E-Learning,SCORM,Protecting Your Digital Identity,642001.zip
Программа: Information Security. Module 3: Device and Online Safety E-Learning,SCORM,Device and Online Safety E-Learning,678001.zip
Программа: Information Security. Module 4: Preventing Email Cyber-Attacks E-Learning,SCORM,Preventing Email Cyber-Attacks,679001.zip
Программа: Information Security: Preventing Mobile Cyber-Attacks E-Learning,SCORM,Preventing Mobile Cyber-Attacks,680001.zip
Data Stewardship Introduction. Course by Data & Analytics PN Russia E-Learning,SCORM,Data Stewardship Introduction. Course by Data & Analytics PN Russia,829003_v2.zip
Introduction to working with hypotheses (HADI cycle) E-Learning,SCORM,Introduction to working with hypotheses (HADI cycle),21DEC_DIG_HADI_RU.zip
Information Security E-learning,SCORM,Information Security E-learning,C10236.zip
Information Security Issues Management E-Learning,SCORM,Information Security Issues Management,C10401.zip
Python Course for Beginners E-Learning,SCORM,Python Course for Beginners,Python for data analysis - Beginner - scrom 1.2.zip
Allergens and their Management Foundations E-Learning,SCORM,Allergens and their Management Foundations,790001_v1.zip
An Introduction to Audit at Mars E-Learning,SCORM,An Introduction to Audit at Mars,00003604_1.zip
Work at Height Standard E-Learning,SCORM,Work at Height Standard,17OCT_SUP_WAHS.zip
Serious Injury and Fatalities (SIF) & Potential SIF E-Learning,SCORM,Serious Injury and Fatalities (SIF) & Potential SIF,18MAR_SUP_SIFP_ENG.zip
Work at Height E-Learning,SCORM,Work at Height,18MAR_SUP_WAH_ENG.zip
Work at Height Awareness Coaching E-Learning,SCORM,Work at Height Awareness Coaching,09MAR_MSE_WAH_EN.zip
Workplace Transport Standard and Specification E-learning,SCORM,Workplace Transport Standard and Specification,18MAR_SUPP_WT_EN_V1.zip
Workplace Transport Awareness Coaching E-Learning,SCORM,Workplace Transport Awareness Coaching,17MAR_MSE_WPT_EN.zip
CMOS Awareness Program E-Learning,SCORM,CMOS Awareness Program,18APR_SUPP_CMOS_V1_ENG.zip
LOTO Standard and Specification E-Learning,SCORM,LOTO Standard and Specification,18JUN_SUPI_LOTO_EN.zip
LOTO - Standard and Specification Awareness Coaching E-Learning,SCORM,LOTO - Standard and Specification Awareness Coaching,17MAR_MSE_LOTO_EN.zip
Lead Safe Foundation CIS E-Learning,SCORM,Lead Safe Foundation CIS,18JUL_SUPD_LEADSAF_RUS.zip
"Introduction to Health, Safety and Environmental Management Systems E-Learning",SCORM,"Introduction to Health, Safety and Environmental Management Systems",20JUN_SUP_IHSAEMS_EN.zip
SIG for Operations 2025 Strategy Awareness E-Learning,SCORM,SIG for Operations 2025 Strategy Awareness,SIG_v7.zip
MSE ET Expert Trainer E-Learning,SCORM,Outstanding Competencies,20APR_SUPI_OC_RU.zip
MSE ET Expert Trainer E-Learning,SCORM,Classroom Management,20APR_SUPI_CMR_RU.zip
MSE ET Expert Trainer E-Learning,SCORM,Increasing Engagement,20APR_SUPI_IER_RU.zip
Lifting Equipment and Operation (LEO) Standard and Specification E-Learning,SCORM,Lifting Equipment and Operation (LEO) Standard and Specification,20MAY_MSEA_LEAOSNS_EN.zip
SiG for Logistics E-Learning,SCORM,SiG for Logistics,C10257v2.zip
Introduction to SiG for LOGISTICS E-Learning,SCORM,Introduction to SiG for LOGISTICS,C10710.zip
Introduction to SiG E-Learning,SCORM,Introduction to SiG,C10711.zip
S&OE Introduction E-Learning,SCORM,S&OE Introduction,C10482.zip
Программа: End to End Supply Chain Immersion. Module 1: Introduction E-Learning,SCORM,Module 1: Introduction,C10535v3.zip
Программа: End to End Supply Chain Immersion. Module 2: Functional Deep Dive and KPIs E-Learning,SCORM,Module 2: Functional Deep Dive and KPIs,C10536v4.zip
Программа: End to End Supply Chain Immersion. Module 3: Strategic Business Planning & Execution E-Learning,SCORM,Module 3: Strategic Business Planning & Execution,end-to-end-supply-chain-immersion-program-module-3-strategic-business-planning-execution-scorm12-zXL7sWCN (2).zip
Introduction to Enterprise Planning E-Learning,SCORM,Introduction to Enterprise Planning,C10588v2.zip
Capital Project Assessment E-Learning,SCORM,Capital Project Assessment,21FEB_SUP_CPA.zip
Advanced Business and Financial Acumen: Evaluation of Capital Investments - Week 2 E-Learning,SCORM,Advanced Business and Financial Acumen: Evaluation of Capital Investments,C10336.zip
Supply Metrics: Driving Performance E-Learning,SCORM,Supply Metrics: Driving Performance,21JAN_SUP_SMDP_EN.zip
The Role of Industrial Engineer E-Learning,SCORM,The Role of Industrial Engineer,21MARCH_SUPP_ROIE_EN.zip
Masterplanning E-Learning,SCORM,Masterplanning,cninv000000000028222.zip
EWP Communication: Standardizing communication across teams  E-Learning,SCORM,EWP Communication: Standardizing communication across teams,818037.zip
EWP Schedule: Managing the critical path for project delivery E-Learning,SCORM,EWP Schedule: Managing the critical path for project delivery,818038.zip
EWP Scope and Risk: Identifying scope and risks to define success E-Learning,SCORM,EWP Scope and Risk: Identifying scope and risks to define success,818039.zip
EWP Safety: Managing and controlling safety hazards E-Learning,SCORM,EWP Safety: Managing and controlling safety hazards,818048.zip
EWP Cost and Budget: Organizing and controlling project costs E-Learning,SCORM,EWP Cost and Budget: Organizing and controlling project costs,818049.zip
EWP CVS: Ensuring safe and efficient startup of equipment E-Learning,SCORM,EWP CVS: Ensuring safe and efficient startup of equipment,818050.zip
EWP Control: Building controls for project success E-Learning,SCORM,EWP Control: Building controls for project success,818051.zip
EWP Procurement and Specifications: Competitively procuring fit-for-purpose assets E-Learning,SCORM,EWP Procurement and Specifications: Competitively procuring fit-for-purpose assets,818052.zip
EWP Closeout: Ensuring continuous improvement and formal project closure E-Learning,SCORM,EWP Closeout: Ensuring continuous improvement and formal project closure,818053.zip
EWP Program Introduction: Defining the EWP Training Intent and Navigation E-Learning,SCORM,EWP Program Introduction: Defining the EWP Training Intent and Navigation,818054.zip
EWP Construction Safety Playbook E-Learning,SCORM,EWP Construction Safety Playbook,818055.zip
EWP Control Tools E-Learning,SCORM,EWP Control Tools,818056.zip
EWP Learning From Past Experience (LFPE) E-Learning,SCORM,EWP Learning From Past Experience (LFPE),818057.zip
Asset Health Check Fundamentals E-learning,SCORM,Asset Health Check Fundamentals,Asset Health Check - 2021 RU.zip
Global Supply Onboarding Start Phase E-Learning,SCORM,Global Supply Onboarding Start Phase,C10149v2.zip
Value engineering E-learning,SCORM,Value engineering,C10177.zip
"Advanced Business and Financial Acumen: Value Proposition, Value Creation and Business Models - Week 1 E-Learning",SCORM,"Advanced Business and Financial Acumen: Value Proposition, Value Creation and Business Models",C10332.zip
Advanced Business and Financial Acumen: Value Proposition and Customer Perspective - Week 1 E-Learning,SCORM,Advanced Business and Financial Acumen: Value Proposition and Customer Perspective,C10333.zip
Advanced Business and Financial Acumen: EP-Week 2 E-Learning,SCORM,Advanced Business and Financial Acumen: EP,C10337_v2.zip
Advanced Business and Financial Acumen: FATR - Week 2 E-Learning,SCORM,Advanced Business and Financial Acumen: FATR,C10338.zip
Advanced Business and Financial Acumen: Activity Business to Model - Week 2 E-Learning,SCORM,Advanced Business and Financial Acumen: Activity Business to Mode,C10339.zip
Advanced Business and Financial Acumen: Designing the Business Model & Target Costing - Week 3 E-Learning,SCORM,Advanced Business and Financial Acumen: Designing the Business Model & Target Costing,C10341.zip
Advanced Business and Financial Acumen: Complexity Costing - Week 3 E-Learning,SCORM,Advanced Business and Financial Acumen: Complexity Costing,C10343.zip
Advanced Business and Financial Acumen: Supply Networking Strategy - Week 4 E-Learning,SCORM,Advanced Business and Financial Acumen: Supply Networking Strategy,C10346.zip
Early Scope Alignment E-Learning,SCORM,Early Scope Alignment,C10440_v3.zip
Power BI. Beginner. Course by Data & Analytics PN Russia E-Learning,SCORM,Power BI. Beginner. Course by Data & Analytics PN Russia,PBI Beginner - scorm 1.2.zip
Power BI. PRO. Course by Data & Analytics PN Russia E-Learning,SCORM,Power BI. PRO. Course by Data & Analytics PN Russia,PBI PRO - scorm 1.2.zip
SQL – Beginner. Course by Data & Analytics PN Russia E-Learning,SCORM,SQL – Beginner. Course by Data & Analytics PN Russia,(822020v3)_SQL Beginner - scorm 1.2.zip
SQL – PRO. Course by Data & Analytics PN Russia E-Learning,SCORM,SQL – PRO. Course by Data & Analytics PN Russia,(C10526ver1)_SQL PRO - scorm 1.2.zip
Product Management Beginner E-Learning,SCORM,Product Management Beginner E-learning,C10199.zip
Powered by Data: Data for Leaders E-learning,SCORM,Powered by Data: Data for Leaders E-learning,C10211_Edited2.zip
Data Stewardship for Data Stewards (PRO). Course by Data & Analytics PN Russia E-Learning,SCORM,Data Stewardship for Data Stewards (PRO). Course by Data & Analytics PN Russia,C10566.zip
Recruiting with Excellence E-Learning,scorm,Recruiting with Excellence,795001.zip
Elements of Pay at Mars E-Learning,scorm,Elements of Pay at Mars,00040985.zip
MDR 2.0 Introduction: Business Leaders E-Learning,scorm,MDR 2.0 Introduction: Business Leaders,20AUG_PO_MDRFBL_EN.zip
Ombudsman Program E-Learning,scorm,Ombudsman Program,C10701.zip
Leader Roles & Responsibilities in MDR Video,видео,Leader Roles & Responsibilities in MDR Video,17JUL_PO_BLR_ENG.mp4
Succession Planning Overview Video ,видео,Succession Planning Overview Video ,17JUL_PO_SPV_ENG.mp4
The P&O Role in MDR Video,видео,The P&O Role in MDR Video,17JUL_PO_POR_ENG.mp4
MDR Overview:Video,видео,MDR Overview:Video,17AUG_PO_MDRVID_ENG.mp4
MDR 2.0 Introduction: Associates E-Learning,scorm,MDR 2.0 Introduction: Associates,20AUG_PO_MDROVER_EN.zip
Organizational Development E-Learning,scorm,Organizational Development,18APR_PO_ODF_ENG.zip
P&O Data and Analytics E Learning,scorm,P&O Data and Analytics,18FEB_PO_FODAAFPO_ENG.zip
Networking at Mars Video,scorm,Networking at Mars Video,469001.zip
The Mars People Strategy Video ,scorm,The Mars People Strategy Video ,18JUN_PO_PSV_EN.zip
Recruiting with Excellence E-Learning: Russian,scorm,Recruiting with Excellence,20JUL_P&O_RWE_M1_RU.zip
MDR Overview and Your Role E-Learning,scorm,MDR Overview and Your Role,!8AUG_PO_MRDOAYR_EN.zip
Talking Talent: PPM Placemat E-Learning,scorm,Talking Talent: PPM Placemat,18AAUG_PO_TTPPMIP_EN.zip
Talking Development: Differentiated Development Planning E-Learning,scorm,Talking Development: Differentiated Development Planning,18AUG_PO_TDDDPADT_EN.zip
Line Manager Guide to Rewards E-Learning,scorm,Line Manager Guide to Rewards,C10518v3.zip
Welcome to Royal Canin E-Learning,scorm,Welcome to Royal Canin,C10672 - 1.zip
RUSSIAN - Ombudsman Program E-Learning,scorm,RUSSIAN - Ombudsman Program,Ombudsman_Russian.zip
GLM Coaching for Development E-Learning,scorm,GLM Coaching for Development,71002.zip
GLM Introduction to Leading Change,scorm,GLM Introduction to Leading Change,178001.zip
GLM Courageous Conversations E-Learning,scorm,GLM Courageous Conversations,305001.zip
GLM Decide Faster E-Learning,scorm,GLM Decide Faster,17NOV_LEAD_DFGLM_EN_V1.zip
GLM Meet Smarter E-LEARNING,scorm,GLM Meet Smarter,18JAN_LEAD_MMGLM_EN_V1.zip
GLM Introduction to Delegation E-Learning ,scorm,GLM Introduction to Delegation,452001.zip
Introduction to Change Management E-Learning,scorm,Introduction to Change Management,19SEP_LEAD_ITCM_EN_V1.zip
Introdution to Leading Change E-Learning ,scorm,Introdution to Leading Change,19SEP_LEAD_ITLC_EN_V1.zip
Thriving Through Change E-Learning,scorm,Thriving Through Change,811019.zip
Managing Through Change (0 Getting Started) E-Learning,scorm,Managing Through Change (0 Getting Started),20JAN_LEAD_MTCGS_EN_V1.zip
Managing Through Change (1 The Essentials) E-Learning,scorm,Managing Through Change (1 The Essentials),20JAN_LEAD_MTCE_EN_V1.zip
Managing Through Change (2 Preparing for Change) E-Learning,scorm,Managing Through Change (2 Preparing for Change),20JAN_LEAD_MTCPFC_EN_V1.zip
Managing Through Change (3 Managing Change) E-Learning,scorm,Managing Through Change (3 Managing Change),20JAN_LEAD_MTCMC_EN_V1.zip
Managing Through Change (4 Reinforcing Change) E-Learning,scorm,Managing Through Change (4 Reinforcing Change),20JAN_LEAD_MTCRC_EN_V1.zip
GLM High Performance Collaboration (HPC): Essential Practices Overview E-Learning,scorm,GLM High Performance Collaboration (HPC): Essential Practices Overview,28001.zip
GLM High Performance Collaboration (HPC): Inspire Purpose E-Learning,scorm,GLM High Performance Collaboration (HPC): Inspire Purpose,31001_v1.zip
GLM High Performance Collaboration (HPC): Crystalize Intent E-Learning,scorm,GLM High Performance Collaboration (HPC): Crystalize Intent,31002.zip
GLM High Performance Collaboration (HPC): Cultivate Collaboration E-Learning,scorm,GLM High Performance Collaboration (HPC): Cultivate Collaboration,31003.zip
GLM High Performance Collaboration (HPC): Activate Ways of Working (AWOW) E-Learning,scorm,GLM High Performance Collaboration (HPC): Activate Ways of Working (AWOW),31004_v2.zip
GLM High Performance Collaboration (HPC): Sustain & Renew E-Learning,scorm,GLM High Performance Collaboration (HPC): Sustain & Renew,31005.zip
GLM High Performance Collaboration (HPC): Clarify Context E-Learning,scorm,GLM High Performance Collaboration (HPC): Clarify Context,31006_v2.zip
GLM Introduction to Delivering Effective Feedback E-Learning,scorm,GLM Introduction to Delivering Effective Feedback,447002.zip
GLM Introduction to Coaching E-Learning,scorm,GLM Introduction to Coaching,447003.zip
GLM The difference between Mentoring and Coaching E-Learning,scorm,GLM The difference between Mentoring and Coaching,447004.zip
Design for Vertical Startup for Process 2 E-Learning,scorm,Design for Vertical Startup for Process 2,20NOV_RD_DFVSE_EN.zip
Design for Vertical Startup for Product And Pack 1 E-Learning,scorm,Design for Vertical Startup for Product And Pack 1,18OCT_RD_DFVSPP1F_EN.zip
Design for Vertical Startup for Process 1 E-Learning,scorm,Design for Vertical Startup for Process,17FEB_RD_DFVS_EN_V1.zip
Mars Wrigley Sales Onboarding,Презентация,MW Sales Onboarding,MARS WRIGLEY Onboarding.pdf
Mars Supply - Capability and Career Framework Pdf,Презентация,Mars Supply - Capability and Career Framework,Mars Supply - Capability and Career Framework RU - 2022 Jul 27.pdf
Complex Problem Solving Foundations E-Learning,scorm,Complex Problem Solving Foundations,18SEP_RD_SIXSIG_EN.zip
Food Defense Awareness E-Learning,scorm,Food Defense Awareness,Food Defense_Multisco.zip
Chocolate School E-learning,видео,Navigating Chocolate School Program,ChocSchEss_Navigating Chocolate School.mp4
Completion Acknowledgment for Chocolate School E-Learning,Презентация,Completion Acknowledgment for Chocolate School,Chocolate School Attestation PDF.pdf
Distribution Quality Management Interactive Webinar E-learning,scorm,Distribution Quality Management Interactive Webinar E-learning Part 1,DQM-lesson-1.zip
Distribution Quality Management Interactive Webinar E-learning,scorm,Distribution Quality Management Interactive Webinar E-learning Part 2,DQM-lesson-2.zip
Distribution Quality Management Interactive Webinar E-learning,scorm,Distribution Quality Management Interactive Webinar E-learning Part 3,DQM-lesson-3.zip
Distribution Quality Management Interactive Webinar E-learning,scorm,Distribution Quality Management Interactive Webinar E-learning Part 4,DQM-lesson-4.zip
Distribution Quality Management Interactive Webinar E-learning,scorm,Distribution Quality Management Interactive Webinar E-learning Part 5,DQM-lesson-5.zip
Distribution Quality Management Interactive Webinar E-learning,scorm,Distribution Quality Management Interactive Webinar E-learning Part 6,DQM-lesson-6.zip
Distribution Quality Management Interactive Webinar E-learning,scorm,Distribution Quality Management Interactive Webinar E-learning Part 7,DQM-lesson-7.zip
Consumer Care at Mars: Introduction E-Learning,scorm,Consumer Care at Mars: Introduction,2016_NOV_RD_CCMI_EN_V1
2024 Urinary E-Learning,SCORM,Urinary,Urinary.ismpkg
2024 Urinary E-Learning,презентация,Брошюра Уролитиаз собак и кошек,Брошюра Уролитиаз собак и кошек.pdf
2024 Gastrointestinal E-Learning,SCORM,Gastrointestinal,Gastro 2024 для PSR и PRO. Ismpkg
2024 Питание кошек и собак в зависимости от возраста E-Learning,SCORM,Питание кошек в зависимости от возраста e- learning,Кошки - итог 2.ismpkg
2024 Питание кошек и собак в зависимости от возраста E-Learning,SCORM,Питание собак в зависимости от возраста e- learning,Собаки-итог 2.ismpkg
2024 Питание кошек и собак в зависимости от возраста E-Learning,видео,Видео: Как презентовать продукт клиенту? Рассказываем на примере продуктов SOL,document_5271932017783617477.mp4
2024 Питание кошек и собак в зависимости от возраста (+ доп материалы для канала PRO) E-Learning,SCORM,Питание самки в репродуктивный период,драфт питание самки в репродуктивный период 1.ismpkg
2024 Питание кошек и собак в зависимости от возраста (+ доп материалы для канала PRO) E-Learning,SCORM,Питание кошек в зависимости от возраста e- learning,Кошки - итог 2.ismpkg
2024 Питание кошек и собак в зависимости от возраста (+ доп материалы для канала PRO) E-Learning,SCORM,Питание собак в зависимости от возраста e- learning,Собаки-итог 2.ismpkg
2024 Питание кошек и собак в зависимости от возраста (+ доп материалы для канала PRO) E-Learning,SCORM,Рост и развитие котят и щенков. Диетологический подход,RAZVITIE_I_ROST_SCHENKOV_I_KOTYAT_2024_feb 1.ismpkg
2024 Питание кошек и собак в зависимости от возраста (+ доп материалы для канала PRO) E-Learning,видео,Видео: Как презентовать продукт клиенту? Рассказываем на примере продуктов SOL,document_5271932017783617477.mp4
Инструменты рекомендации канала PSR E-Learning,SCORM,Инструменты рекомендации канала PSR,Обучение на платформе RCA 1.ismpkg
2024 Продукт: от поля до полки E-Learning,SCORM,"Модуль ""Производство кормов""",Т1. Курс 1. Производство кормов  3 (1).pdf
2024 Продукт: от поля до полки E-Learning,SCORM,"Словарик ""Питательные вещества""",Глоссарий 1.pdf
2024 Продукт: от поля до полки E-Learning,SCORM,Тестирование,импорт тест.csv
2024 Продукт: от поля до полки E-Learning,видео,Как читать упаковку?,IMG_0459.mp4
2024 Продукт: от поля до полки E-Learning,видео,Как подобрать альтернативу ушедшему рациону? Расскажем в видеоролике,Видеоролик обучнение для B2B.mp4
2024 Продукт: от поля до полки E-Learning,видео,Коротко о главном: R&D,Коротко о главном R&D.mp3
"Подкаст Голоса Royal Canin ""Однажды в полях""",видео,"Подкаст Голоса Royal Canin ""Однажды в полях""",Симулированный продавец Голоса Royal Canin.mp3
Работа с возражениями E-Learning,SCORM,Работа с возражениями,Р11 Аргументация.ismkg
Нутриенты и их роль. Формула продукта E-Learning,видео,Основы правильного питания собак и кошек,Видеоурок_Екатерина Нигова_основы правильного питания собак и кошек.m4v
Нутриенты и их роль. Формула продукта E-Learning,видео,Мифы в питании собак и кошек,Видеоурок_Екатерина Нигова_Принципы кормления животных.m4v
Нутриенты и их роль. Формула продукта E-Learning,видео,Запись вебинара по нутриентному подходу,обучение для команды SCE по нутриентному подходу от Екатерины Ниговой-20240125_093310-Meeting Recording.mp4
Laws of Growth E-Learning,SCORM,Laws of Growth,triniti-_-mars-log-elearning__ (7).zip
Negotiation Essentials Program Module 1: Selling and Negotiating E-learning,SCORM,Module 1: Selling and Negotiating,1p11401_2018_02_09_12_03_05(EN).zip
Negotiation Essentials Program Module 2: Predictability and How to Use it E-learning,SCORM,Module 2: Predictability and How to Use it,2p11402_2022_01_25_11_00_41(EN).zip
Negotiation Essentials Program  Module 3: Key Principles of Negotiation E-learning,SCORM,Module 3: Key Principles of Negotiation,3p11403_2020_04_14_14_34_01(EN).zip
Negotiation Essentials Program Module 4: Negotiation Techniques E-learning,SCORM,Module 4: Negotiation Techniques,4p11406_2018_02_09_11_42_27(EN).zip
Negotiation Essentials Program Module 5: Give It a Try E-learning,SCORM,Module 5: Give It a Try,Mars_Negotiation_Give_it_a_try_2_220923.zip
Negotiation Essentials Program Module 6: Second Wind: Give It a Try E-learning,SCORM,Module 6: Second Wind: Give It a Try,6p11658_2022_01_25_13_27_47(EN).zip
Negotiation Essentials Program  Module 7: Listen to The Expert E-learning,SCORM,Module 7: Listen to The Expert,7p14854_2022_01_25_12_17_16(EN).zip
Negotiation Essentials Program Module 8: Check What You Know E-learning,SCORM,Module 8: Check What You Know,8p11486_2018_02_09_10_48_47(EN).zip
Negotiation Essentials Program Module 9: Second Wind: Check What You Know E-learning,SCORM,Module 9: Second Wind: Check What You Know,9p11659_2022_01_25_13_42_13(EN).zip
Sales Essentials Program Module 1: Customer Needs E-learning,SCORM,Module 1: Customer Needs,1p11395_2022_01_24_16_19_08(EN).zip
Sales Essentials Program Module 2: Questioning and Listening E-learning,SCORM,Module 2: Questioning and Listening,2p11399_2018_02_09_14_45_16(EN).zip
Sales Essentials Module 3: Setting Objectives E-learning,SCORM,Module 3: Setting Objectives,3p11400_2016_03_31_07_49_04(EN).zip
Sales Essentials Program Module 4: The Persuasive Selling Process E-learning,SCORM,Module 4: The Persuasive Selling Process,Mars_SE_Persuasive_220923.zip
Sales Essentials Program Module 5: Communication and Influence E-learning,SCORM,Module 5: Communication and Influence,5p11394_2016_03_31_07_50_31(EN).zip
Sales Essentials Program Module 6: Overcoming Objections E-learning,SCORM,Module 6: Overcoming Objections,6p11398_2018_02_09_14_04_47(EN).zip
Sales Essentials Program Module 7: Give it a Try E-learning,SCORM,Module 7: Give it a Try,7p11396_2022_01_24_17_16_52(EN).zip
Sales Essentials Program Module 8: Second Wind: Give it a Try E-learning,SCORM,Module 8: Second Wind: Give it a Try,7ap11673_2018_02_09_15_30_00(EN).zip
Sales Essentials Program Module 9: Check what you know E-learning,SCORM,Module 9: Check what you know,8p11393_2018_02_09_13_18_52(EN).zip
Sales Essentials Program Module 10: Second Wind: Check what you know E-learning,SCORM,Module 10: Second Wind: Check what you know,8ap11674_2016_03_31_08_00_18(EN).zip
Sales Essentials Program Module 11: Listen to the Expert E-learning,SCORM,Module 11: Listen to the Expert,Mars_SE_Listen_to_the_expert_220922.zip
Food Fraud Awareness E-Learning,SCORM,Food Fraud Awareness,822000v2.zip
Food Fraud Fundamentals E-learning,SCORM,Food Fraud Fundamentals 1 Welcome,Food Fraud Fundamentals 1 Welcome updated.zip
Food Fraud Fundamentals E-learning,SCORM,Food Fraud Fundamentals 2 Vulnerabilities,Food Fraud Fundamentals 2 Vulnerabilities updated menu.zip
Food Fraud Fundamentals E-learning,SCORM,Food Fraud Fundamentals 3 Mitigation,Food Fraud Fundamentals 3 Mitigation (1).zip
Food Fraud Fundamentals E-learning,SCORM,Food Fraud Fundamentals 4 Planning,Food Fraud Fundamentals 4 Planning
Food Fraud Vulnerability Assessment Team Workshop Virtual,SCORM,PRE READ: About Manuka Honey,FF-prework-handout.pdf
Front End Framework (FEF) Process E-Learning,SCORM,Front End Framework (FEF) Process,19JUL_RD_FEF_EN.zip
Testing & Conformance Foundations E-Learning,SCORM,Testing & Conformance Foundations,21JAN_RD_TCF_EN.zip
Agile Strategy Review E-Learning,SCORM,Agile Strategy Review,C10514.zip
Bringing the Ensure Pillar to Life E-Learning,SCORM,Bringing the Ensure Pillar to Life,814058.zip
Cash management E-Learning,SCORM,Cash management,cninv000000000028470.zip
Competitive Bidding Overview E-Learning,SCORM,Competitive Bidding Overview,17APR_COM_WBT1.zip
Competitive Bidding Pallets example E-Learning,SCORM,Competitive Bidding Pallets example,17APR_COM_WBT3.zip
Contract Law E-Learning,SCORM,Contract Law,816999_1.zip
Cost Calculation E-learning,SCORM,Cost Calculation,21SEP_COM_CC_EN.zip
Cost Estimation E-learning,SCORM,Cost Estimation,21SEP_COM_CE_EN.zip
Essence of Commercial E-Learning,SCORM,Essence of Commercial,18JUL_COMM_EOC_EN_V1.zip
Global Travel Policy 2.0 E-learning,SCORM,Global Travel Policy 2.0,820001.zip
Integrated Facility Management - Sodexo E-learning,SCORM,Integrated Facility Management - Sodexo,C10651.zip
Introduction to Commercial Foundations Video,Видео,Introduction to Commercial,18JUN_COMM_ITCF_EN_V1.mp4
Mars Legal Intellectual Property Patents & Technology Training E-Learning,SCORM,Mars Legal Intellectual Property Patents & Technology Training,00014080.zip
Mars Quality Strategy Methodology (MQSM) Foundations E-Learning,SCORM,Mars Quality Strategy Methodology (MQSM) Foundations,20APR_COM_MQSMF_EN.zip
MSSM Foundations E-Learning,SCORM,MSSM Foundations,19NOV_COM_MSSMF_EN.zip
Next Generation Supplier E-Learning,SCORM,Next Generation Supplier,20JAN_COM_NGS_EN_V1.zip
Packaging Risk Assessment E-Learning,SCORM,Packaging Risk Assessment,C10561_v1.zip
Программа: SQA Safety Part 1: Building a Culture of Safety E-Learning,SCORM,SQA Safety Part 1: Building a Culture of Safety,20NOV_COMM_SQA_SAFETY_1.zip
Программа: SQA Safety Part 2 E-Learning,SCORM,SQA Safety Part 2,20NOV_COMM_SQA_SAFETY_2.zip
Программа: SQA Safety Part 3 E-Learning,SCORM,SQA Safety Part 3,20NOV_COMM_SQA_SAFETY_3.zip
Supplier Code of Conduct E-Learning,SCORM,Supplier Code of Conduct,19JUN_COM_SCOC_EN_V1.zip
Supplier Diversity Awareness E-learning,SCORM,Supplier Diversity Awareness,C10584.zip
Supplier Relationship Management E-Learning,SCORM,Supplier Relationship Management,19JAN_COM_SRM_EN.zip
Программа: Animal Protein Material School Module 1: Industry Overview E-Learning,SCORM,Animal Protein Material School Module 1: Industry Overview,19JAN_COM_APMS_M1_EN_V1.zip
Программа: Animal Protein Material School Module 2: Material Functionality and Mars Products E-Learning,SCORM,Animal Protein Material School Module 2: Material Functionality and Mars Products,19FEB_COM_APMS_MF_EN_V1.zip
Программа: Animal Protein Material School Dry Module 3: Supplier and Mars Processes E-Learning,SCORM,Animal Protein Material School Dry Module 3: Supplier and Mars Processes,19JAN_COM_APMS_M3DRY_EN_V1.zip
Программа: Animal Protein Material School Dry Module 4: MRA and Audit Best Practices E-Learning,SCORM,Animal Protein Material School Dry Module 4: MRA and Audit Best Practices,19JAN_COM_APMS_M4DRY_EN_V1.zip
Программа: Animal Protein Material School Dry Module 5: Verification Program E-Learning,SCORM,Animal Protein Material School Dry Module 5: Verification Program,19FEB_COM_APMS_M5DRY_EN_V1.zip
Программа: Animal Protein Material School Tallow Module 3: Supplier and Mars Processes E-Learning,SCORM,Animal Protein Material School Tallow Module 3: Supplier and Mars Processes,19FEB_COM_APMS_M3TALL_EN_V1.zip
Программа: Animal Protein Material School Tallow Module 4: MRA and Audit Best Practices E-Learning,SCORM,Animal Protein Material School Tallow Module 4: MRA and Audit Best Practices,19FEB_COM_APMS_M4TALL_EN_V1.zip
Программа: Animal Protein Material School Tallow Module 5: Verification Program E-Learning,SCORM,Animal Protein Material School Tallow Module 5: Verification Program,19FEB_COM_APMS_M5TALLOW_EN_V1.zip
Программа: Animal Protein Material School Wet Module 3: Supplier and Mars Processes  E-Learning,SCORM,Animal Protein Material School Wet Module 3: Supplier and Mars Processes,19FEB_COM_APMS_M3WET_EN_V1.zip
Программа: Animal Protein Material School Wet Module 4: MRA and Audit Best Practices E-Learning,SCORM,Animal Protein Material School Wet Module 4: MRA and Audit Best Practices,19FEB_COM_APMS_M4WET_EN_V1.zip
Программа: Animal Protein Material School Wet Module 5: Verification Program E-Learning,SCORM,Animal Protein Material School Wet Module 5: Verification Program,19FEB_COM_APMS_M5WET_EN_V1.zip
Commercial Capability Framework Pdf,Презентация,Commercial Capability Framework,Commercial-Capability-Framework-2022.pdf
Программа: Commercial Quality Culture Module 1: Quality E-Learning,SCORM,Commercial Quality Culture Module 1: Quality,20APR_COM_CQCM1_EN_V1.zip
Программа: Commercial Quality Culture Module 2: Five Quality Behaviours for Commercial E-Learning,SCORM,Commercial Quality Culture Module 2: Five Quality Behaviours for Commercial,813037.zip
Программа: Commercial Quality Culture Module 3: Commercial Quality Health Check E-Learning,SCORM,Commercial Quality Culture Module 3: Commercial Quality Health Check,20APR_COM_CQCM3_EN_V1.zip
Программа: Commercial Quality Culture Module 4: Planning your team's Quality action plan session E-Learning,SCORM,Commercial Quality Culture Module 4: Planning your team's Quality action plan session,20APR_COM_CQCM4_EN_V1.zip
Программа: Commercial Quality Culture Module 5: Reflections and Next Steps. What will I do now? E-Learning,SCORM,Commercial Quality Culture Module 5: Reflections and Next Steps. What will I do now?,20APR_COM_CQCM5_EN_V1.zip
Программа: Mars Currency Training - Module 1: Currency Risk Management E-Learning,SCORM,Mars Currency Training - Module 1: Currency Risk Management,19OCT_COMM_CCRM_EN_V1.zip
Программа: Mars Currency Training - Module 2: Mars Currency Policy and Your Responsibility E-Learning,SCORM,Mars Currency Training - Module 2: Mars Currency Policy and Your Responsibility E-Learning,19OCT_COMM_CCMCP_EN_V1.zip
Программа: Mars Currency Training - Module 3: Exposure Identification and Forecasting Accuracy E-Learning,SCORM,Mars Currency Training - Module 3: Exposure Identification and Forecasting Accuracy E-Learning,19OCT_COMM_CCEI_EN_V1.zip
Программа: Mars Currency Training - Module 4: Financial Impact E-Learning,SCORM,Mars Currency Training - Module 4: Financial Impact,19OCT_COMM_CCFI_EN_V1.zip
Программа: Mars Currency Training - Module 5: Mars FX Rates Explained E-Learning,SCORM,Mars Currency Training - Module 5: Mars FX Rates Explained,19OCT_COMM_CCMF_EN_V1.zip
Программа: Dairy Material School Module 1: Industry Overview Video,SCORM,Dairy Material School Module 1: Industry Overview,17AUG_COM_DMSM1_ENG_V1.zip
Программа: Dairy Material School Module 2: Material Functionality E-Learning,SCORM,Dairy Material School Module 2: Material Functionality,29AUG_COM_DMSM2_ENG_V1.zip
Программа: Dairy Material School Module 3: Supplier Dairy Processes E-Learning,SCORM,Dairy Material School Module 3: Supplier Dairy Processes,2SEP_COM_DMSM3_ENG_V1.zip
Программа: Dairy Material School Module 4: MRA and Audit Best Practices E-Learning,SCORM,Dairy Material School Module 4: MRA and Audit Best Practices,4OCT_COM_DMSM4_ENG_V1.zip
Программа: Dairy Material School Module 5: Verification Program E-Learning,SCORM,Dairy Material School Module 5: Verification Program,4OCT_COM_DMSM5_ENG_V1.zip
End-to-End Traceability Using Atlas and Veritas Program Module 1: Tracing With Veritas E-Learning,SCORM,End-to-End Traceability Using Atlas and Veritas Program Module 1: Tracing With Veritas,21JUN_R&D_ETET1_EN.zip
End-to-End Traceability Using Atlas and Veritas Program Module 2: Atlas Top-Down Analysis Finished Goods to Raws/Packs E-Learning,SCORM,End-to-End Traceability Using Atlas and Veritas Program Module 2: Atlas Top-Down Analysis Finished Goods to Raws/Packs,21JUN_R&D_ETET2_EN.zip
End-To-End Traceability Module 4: Atlas Track and Trace Finished Goods in the Supply Chain E-Learning,SCORM,End-To-End Traceability Module 4: Atlas Track and Trace Finished Goods in the Supply Chain,21JUN_R&D_ETET4_EN.zip
End-to-End Traceability Using Atlas and Veritas Program Module 3: Atlas Bottom-Up Analysis Raws/Packs to Finished Goods E-Learning,SCORM,End-to-End Traceability Using Atlas and Veritas Program Module 3: Atlas Bottom-Up Analysis Raws/Packs to Finished Goods,21JUN_R&D_ETET3_EN.zip
Программа: Flexible Packaging Material School Module 1: Industry Overview E-learning,SCORM,Flexible Packaging Material School Module 1: Industry Overview,C10468.zip
Программа: Flexible Packaging Material School Module 2A: Types of Base Polymer Films E-learning,SCORM,Flexible Packaging Material School Module 2A: Types of Base Polymer Films E-learning,Module 2A_Types of Base Polymer Films_.zip
Программа: Flexible Packaging Material School Module 2B: Polymer Films and Adhesives E-learning,SCORM,Flexible Packaging Material School Module 2B: Polymer Films and Adhesives,Module 2B_Polymer Films and Adhesives.zip
Программа: Flexible Packaging Material School Module 2C: Types of Flexible Packaging E-learning,SCORM,Flexible Packaging Material School Module 2C: Types of Flexible Packaging,Module 2C_Types of Flexible Packaging.zip
Программа: Flexible Packaging Material School Module 2: Exercise E-learning,SCORM,Flexible Packaging Material School Module 2: Exercise,Module_2_Exercise.zip
Программа: Flexible Packaging Material School Module 3A: Base Film to Printed E-learning,SCORM,Flexible Packaging Material School Module 3A: Base Film to Printed,Module 3A_Base Film to Printed Film.zip
Программа: Flexible Packaging Material School Module 3B: Supplier Process - Printing and Finishing E-learning,SCORM,Flexible Packaging Material School Module 3B: Supplier Process - Printing and Finishing,Module 3B_Supplier Process—Printing and Finishing.zip
Программа: Flexible Packaging Material School Module 3C: Sealing and Mars Processes E-learning,SCORM,Flexible Packaging Material School Module 3C: Sealing and Mars Processes,Module 3C_Sealing and Mars processes.zip
Программа: Flexible Packaging Material School Module 4: Risk and Best Practices E-learning,SCORM,Flexible Packaging Material School Module 4: Risk and Best Practices,Module 4_Risks and Best practices.zip
Программа: Flexible Packaging Material School Module 5: Assessment E-learning,SCORM,Flexible Packaging Material School Module 5: Assessment E-learning,C10499.zip
Программа: Herbs and Spices Material School: Module 1 - Industry Overview E-learning,SCORM,Herbs and Spices Material School: Module 1 - Industry Overview,20DEC_COM_HASMS_IO.zip
Программа: Herbs and Spices Material School: Module 2 - Functionality E-learning,SCORM,Herbs and Spices Material School: Module 2 - Functionality,20DEC_COM_HASMS_MF.zip
Программа: Herbs and Spices Material School - Module 3.1: Supplier Process (Primary Operations) E-learning,SCORM,Herbs and Spices Material School - Module 3.1: Supplier Process (Primary Operations) E-learning,20DEC_COM_HASMS_FAPPO.zip
Программа: Herbs and Spices Material School -  Module 3.2: Supplier Process (Secondary Operations) E-learning,SCORM,Herbs and Spices Material School -  Module 3.2: Supplier Process (Secondary Operations) E-learning,20DEC_COM_HASMS_SPO.zip
Программа: Herbs and Spices Material School: Module 4.1  - MRA and Best Practice (Material) E-learning,SCORM,Herbs and Spices Material School: Module 4.1  - MRA and Best Practice (Material) E-learning,20DEC_COM_HASMS_MMRAABPM.zip
Программа: Herbs and Spices Material School: Module 4.2  - MRA and Best Practice (Supplier) E-learning,SCORM,Herbs and Spices Material School: Module 4.2  - MRA and Best Practice (Supplier) E-learning,20DEC_COM_HASMS_MRAABPS.zip
Программа: Herbs and Spices Material School: Module 4.3  - MRA and Best Practice E-learning,SCORM,Herbs and Spices Material School: Module 4.3  - MRA and Best Practice  E-learning,20DEC_COM_HASMS_TSAFA.zip
Программа: Herbs and Spices Material School: Module 5 - Assessment E-learning,SCORM,Herbs and Spices Material School: Module 5 - Assessment E-learning,20DEC_COM_HASMS_ASSES.zip
Программа: MQM Microbiology Essentials Module 1: Micro awareness for SQA E-Learning,SCORM,Программа: MQM Microbiology Essentials Module 1: Micro awareness for SQA,19OCT_COMM_MQME1_EN_V1.zip
Программа: MQM Microbiology Essentials Module 2: Microorganisms and Food Industry Concerns E-Learning,SCORM,Программа: MQM Microbiology Essentials Module 2: Microorganisms and Food Industry Concerns,19OCT_COMM_MQME2_EN_V1.zip
Программа: MQM Microbiology Essentials Module 3: Preventive Controls - Keep Them Out E-Learning (Essential),SCORM,Программа: MQM Microbiology Essentials Module 3: Preventive Controls - Keep Them Out E-Learning (Essential),19NOV_COMM_MQME3_EN_V1.zip
Программа: MQM Microbiology Essentials Module 4: Preventive Controls - Kill Them E-Learning,SCORM,Программа: MQM Microbiology Essentials Module 4: Preventive Controls - Kill Them,19OCT_COMM_MQME4_EN_V1.zip
Программа: MQM Microbiology Essentials Module 5: Preventive Controls - Keep Them from Staying E-Learning,SCORM,Программа: MQM Microbiology Essentials Module 5: Preventive Controls - Keep Them from Staying E-Learning,19NOV_COMM_MQME5_EN_V1.zip
Программа: MQM Microbiology Essentials Module 6: Verification and Validation E-Learning,SCORM,Программа: MQM Microbiology Essentials Module 6: Verification and Validation E-Learning,19OCT_COMM_MQME6_EN_V1.zip
Программа: MQM Microbiology Essentials Module 7: What Would You Do? and Escalated Approach E-Learning,SCORM,Программа: MQM Microbiology Essentials Module 7: What Would You Do? and Escalated Approach,19NOV_COMM_MQME7_EN_V1.zip
Программа: MQM Microbiology Essentials Module 8: Assessment E-Learning,SCORM,Программа: MQM Microbiology Essentials Module 8: Assessment E-Learning,19OCT_COMM_MQME8_EN_V1.zip
Программа: Palatants Material School Module 0: Ultra-High Business Impact (UHBI)​ E-learning,SCORM,Palatants Material School Module 0: Ultra-High Business Impact (UHBI)​,Module 0_INTRODUCTION TO MATERIALS.zip
Программа: Palatants Material School Module 1: Industry overview E-learning,SCORM,Palatants Material School Module 1: Industry overview,Module 1_INDUSTRY OVERVIEW.zip
Программа: Palatants Material School Module 2 Material functionality and Impact to Mars products E-learning,SCORM,Palatants Material School Module 2 Material functionality and Impact to Mars products,Module 2_MATERIAL FUNCTIONALITY AND IMPACT ON MARS PRODUCTS.zip
Программа: Palatants Material School Module 3.1: Supplier process - liquid E-learning,SCORM,Palatants Material School Module 3.1: Supplier process - liquid E-learning,Module 3.1_SUPPLIER PROCESS_ LIQUID.zip
Программа: Palatants Material School Module 3.2: Supplier process - dry E-learning,SCORM,Palatants Material School Module 3.2: Supplier process - dry,Module 3.2_SUPPLIER PROCESS_ DRY.zip
"Программа: Palatants Material School Module 4 MRA hazards, controls and Audit best practices E-learning",SCORM,"Palatants Material School Module 4 MRA hazards, controls and Audit best practices E-learning",Module 4_ AUDIT BEST PRACTICES AND MRA_.zip
Программа: Palatants Material School Module 5: How does MQM bring it all together? E-learning,SCORM,Palatants Material School Module 5: How does MQM bring it all together? E-learning,Module 5_HOW DOES MQM BRING IT ALL TOGETHER_.zip
Программа: Palatants Material School Module 6: Quizz E-learning,SCORM,Palatants Material School Module 6: Quizz,Module 6 Assessment.zip
Программа: Rice Material School Module 1: Industry Overview Video,SCORM,Программа: Rice Material School Module 1: Industry Overview,17DEC_COMM_RMSIO_EN_V1.zip
Программа: Rice Material School Module 2: Material Functionality E-Learning,SCORM,Программа: Rice Material School Module 2: Material Functionality,17DEC_COMM_RMSMF_EN_V1.zip
Программа: Rice Material School Module 3: Supplier and Mars Processes E-Learning,SCORM,Программа: Rice Material School Module 3: Supplier and Mars Processes,17DEC_COMM_RMSMP_EN_V1.zip
Программа: Rice Material School Module 4: MRA and Audit Best Practices E-Learning,SCORM,Программа: Rice Material School Module 4: MRA and Audit Best Practices,17DEC_COMM_RMMRA_EN_V1.zip
Программа: Rice Material School Module 5: Verification Program E-Learning,SCORM,Программа: Rice Material School Module 5: Verification Program,17DEC_COMM_RMVP_EN_V1.zip
Программа: Tree Nuts Material School Module 1: Industry Overview E-Learning,SCORM,Программа: Tree Nuts Material School Module 1: Industry Overview E-Learning,20DEC_COM_TNMS_IO_EN.zip
Программа: Tree Nuts Material School Module 2: Material Functionality E-Learning,SCORM,Программа: Tree Nuts Material School Module 2: Material Functionality E-Learning,20DEC_COM_TNMS_MF_EN.zip
Программа: Tree Nuts Material School Module 3: Supplier and Mars Processes E-Learning,SCORM,Программа: Tree Nuts Material School Module 3: Supplier and Mars Processes,20DEC_COM_TNMS_SMP_EN.zip
Программа: Tree Nuts Material School Module 4: MRA and Best Practice Audits E-Learning,SCORM,Программа: Tree Nuts Material School Module 4: MRA and Best Practice Audits E-Learning,20DEC_COM_TNMS_MRABPA_EN.zip
Программа: Tree Nuts Material School Module 5: Assessment E-Learning,SCORM,Программа: Tree Nuts Material School Module 5: Assessment,20DEC_COM_TNMS_A_EN.zip
Foreign Materials Management Awareness Quiz E-Learning,scorm,Foreign Materials Management Awareness Quiz,21APR_RD_FMMAQ_EN.zip
Программа: Foundations of Packaging Module 1: Introduction to packaging E-Learning,scorm,Foundations of Packaging Module 1: Introduction to packaging,18SEP_R&D_IP_EN.zip
Программа: Foundations of Packaging Module 2: Types of Packaging E-Learning,scorm,Foundations of Packaging Module 2: Types of Packaging,18SEP_R&D_TP_EN.zip
Программа: Foundations of Packaging Module 3: Packaging Marketing and Design E-Learning,scorm,Foundations of Packaging Module 3: Packaging Marketing and Design E-Learning,18SEP_R&D_PM_EN.zip
Программа: Foundations of Packaging Module 4: Packaging Equipment E-Learning,scorm,Foundations of Packaging Module 4: Packaging Equipment,18SEP_R&D_PE_EN.zip
Программа: Foundations of Packaging Module 5: Packaging Testing E-Learning,scorm,Foundations of Packaging Module 5: Packaging Testing,18SEP_R&D_PT_EN.zip
Genomics in Food Safety Awareness E-Learning,scorm,"

Genomics in Food Safety Awareness E-Learning Essential",21APR_GFSA_EN.zip
Genomics in Food Safety for Practitioners E-learning,scorm,Genomics in Food Safety for Practitioners,21JUL_RD_GIFSP_EN.zip
HACCP-based Food Safety Management Programme Foundations E-Learning,scorm,HACCP-based Food Safety Management Programme Foundations,41064.zip
HACCP-based Food Safety Management Programme Foundations E-Learning,Презентация,HACCP Document,41064_v2.pdf
Holistic Project Portfolio Management (HPPM) E-Learning,scorm,Holistic Project Portfolio Management (HPPM) English,805023_V01.zip
Introduction to HQRM (Holistic Quality Risk Management) E-learning,scorm,Introduction to HQRM (Holistic Quality Risk Management) E-learning,C10013.zip
Introduction To Statistics Module 1 E-Learning,scorm,"
Introduction to Statistics Part 1 (English)",18JUL_RD_ITSP1_EN.zip
Introduction To Statistics Module 2 E-Learning,scorm,"
Introduction to Statistics Part 2 (English)",19APR_RD_ITSP2_EN.zip
Key Quality Attributes (KQA) E-Learning,scorm,"
Key Quality Attributes (KQA) Essential English",20JUL_RD_KQAE_EN.zip
Laboratory Governance E-Learning,scorm,Laboratory Governance E-Learning Lesson 1,805029.zip
Listeria Foundations E-Learning,scorm,"
Listeria Foundation Level Final eLearning",20AUG_RD_LFLF_EN.zip
Mars Global Good Manufacturing Practice (GMP-GHP) Foundations E-Learning,scorm,"
Mars Global Good Manufacturing Practice (GMP-GHP) foundations E-Learning Lesson 1",41356.zip
Mars Global Good Manufacturing Practice (GMP-GHP) Foundations E-Learning,Презентация,GMP-GHP Document,41356_v2.pdf
Material Risk Assessment (MRA) E-learning,scorm,Material Risk Assessment (MRA),mra-essential-level-scorm2004_2-FPmLFcs_.zip
Material Risk Assessment (MRA) Overview E-Learning,scorm,"Material Risk Assessment
",Material Risk Assessment (MRA) awareness 2022.zip
Material Risk Assessment (MRA) for Biological Hazards E-Learning,scorm,Material Risk Assessment (MRA) for Biological Hazards,MRA biological hazards.zip
Nutrition and What It Means To Us E-Learning,scorm,Nutrition and What It Means To Us E-Learning,814144v3.zip
Off-Pack Claims E-Learning,scorm,Off-Pack Claims E-Learning,	20FEB_RD_GAMOP_EN.zip
On-Pack Claims Approval E-Learning,scorm,On-Pack Claims Approval E-Learning,	20DEC_RD_OPC_EN.zip
Premia Quality Management Foundations E-Learning,scorm,Premia Quality Management Foundations E-Learning,814117_v2.zip
Product-Related Incident Management Process (PRIMP) Foundations E-Learning,scorm,Product-Related Incident Management Process (PRIMP) Foundations E-Learning,238001v2.zip
"Quality, Efficiency, Sustainability (QES) Process E-Learning",scorm,"Quality, Efficiency, Sustainability (QES) Process E-Learning",807028.zip
QuEST Process E-Learning,scorm,QuEST Process E-Learning,805010.zip
R&D Regulated Materials Process E-learning,scorm,R&D Regulated Materials Process E-learning,RD_Regulated_Materials_Process.zip
Introduction to Quality at Mars E-Learning,scorm,Introduction to Quality at Mars E-Learning,818061v3.zip
Introduction to Salmonella & Listeria E-Learning,scorm,Introduction to Salmonella & Listeria E-Learning,Salmonella-Listeria-combined.zip
Recall Process Framework E-Learning,scorm,Recall Process Framework E-Learning,40923v5.zip
Sourcing Quality Management Standards Foundations E-Learning,scorm,Sourcing Quality Management Standards Foundations E-Learning,18JUN_RD_SQMS_EN.zip
Successfully Preparing for Regulatory Inspections E-Learning,scorm,Successfully Preparing for Regulatory Inspections E-Learning,C10160.zip
Digital Essentials E-learning Essential,scorm,Digital Essentials E-learning,21FEB_PA_DE_EN_V1.zip
Digital Technologies Onboarding Elearning,scorm,Digital Technologies Onboarding Elearning,17DEC_IT_ONBOARD_EN_v2.zip
Getting Started with Design Thinking E-Learning,scorm,Getting Started with Design Thinking E-Learning,805002.zip
Information Security Safeguarding the Audit System  E-Learning,scorm,"

Module 1: Mars Financials [LOW RES] E-Learning",18AUG_IT_ISSMFC_M6_ENL_V1.zip
Information Security Safeguarding the Audit System  E-Learning,scorm,Module 2: Mars Financials E-Learning,18AUG_IT_ISSMFC_M6_EN_V1.zip
Information Security: Offboarding for Line Managers E-learning,scorm,Information Security: Offboarding for Line Managers E-learning,Mars_Information_Security_Offboarding_Line_Managers_Multilanguage_04042024.zip
Introduction to Agile E-Learning,scorm,Introduction to Agile E-Learning,20FEB_DIG_IAM_EN_V1.zip
Introduction to Data and Analytics E-learning,scorm,Introduction to Data and Analytics E-learning,820000.zip
Kanban Course E-learning (Advanced),scorm,Kanban Course E-learning,C10381.zip
Mars Wrigley Digital Essentials E-LEARNING,scorm,Mars Wrigley Digital Essentials E-LEARNING,20SEP_LC_MWDE_EN.zip
Robotic Process E-learning,scorm,Robotic Process E-learning,21FEB_PA_RP_EN_V1.zip
Russian - Information Security: PCI for Credit Card Handlers E-learning,scorm,Russian - Information Security: PCI for Credit Card Handlers E-learning,pci_security_ mars_RU.zip
Программа: The Seven Magic Skills of User Centricity Module 1: Deep Empathy E-Learning,scorm,The Seven Magic Skills of User Centricity Module 1: Deep Empathy,18NOV_IT_USMS_DE_EN_V1.zip
Программа: The Seven Magic Skills of User Centricity Module 2: Sense Making E-Learning,scorm,The Seven Magic Skills of User Centricity Module 2: Sense Making,18NOV_IT_USMS_SM_EN_V1.zip
Программа: The Seven Magic Skills of User Centricity Module 3: (Re)Framing E-Learning,scorm,The Seven Magic Skills of User Centricity Module 3: (Re)Framing,18NOV_USMS_RF_EN_V1.zip
Программа: The Seven Magic Skills of User Centricity Module 4: Constant Curiosity E-Learning,scorm,The Seven Magic Skills of User Centricity Module 4: Constant Curiosity,18NOV_USMS_CC_EN_V1.zip
Программа: The Seven Magic Skills of User Centricity Module 5: Bold Thinking E-Learning,scorm,The Seven Magic Skills of User Centricity Module 5: Bold Thinking,18NOV_USMS_BT_EN_V1.zip
Программа: The Seven Magic Skills of User Centricity Module 6: Brave Doing  E-Learning,scorm,The Seven Magic Skills of User Centricity Module 6: Brave Doing,18NOV_IT_USMS_BD_EN_V1.zip
Программа: The Seven Magic Skills of User Centricity Module 7: Close Collaboration E-Learning,scorm,The Seven Magic Skills of User Centricity Module 7: Close Collaboration,18NOV_USMS_COC_EN_V1.zip
Программа: Foreign Materials Management Module 1: Introduction E-Learning,scorm,Foreign Materials Management Module 1: Introduction,21MARCH_COM_FMM1.zip
Программа: Foreign Materials Management Module 2: Types of Foreign Materials E-Learning,scorm,Foreign Materials Management Module 2: Types of Foreign Material,21MARCH_COM_FMM2.zip
Программа: Foreign Materials Management Module 3: Prevention and Control E-Learning,scorm,Foreign Materials Management Module 3: Prevention and Control,21MARCH_COM_FMM3.zip
"Программа: Foreign Materials Management Module 4: Validation, Verification, and Monitoring E-Learning",scorm,"Foreign Materials Management Module 4: Validation, Verification, and Monitoring",21MARCH_COM_FMM4.zip
Программа: Foreign Materials Management Module 5: What Would You Do? E-learning Essential,scorm,Foreign Materials Management Module 5: What Would You Do?,21MARCH_COM_FMM5.zip
Программа: Foreign Materials Management Module 6: Summary E-Learning,scorm,Foreign Materials Management Module 6: Summary,21MARCH_COM_FMM6.zip
Программа: Leadership Quality Accountability Toolkit (for Senior Leaders only) Module 0: Welcome E-Learning,scorm,"
Welcome Module (English)",19APR_RD_LQAT_WM_EN.zip
Программа: Leadership Quality Accountability Toolkit (for Senior Leaders only) Module 1: Legal Accountabilities E-Learning,scorm,Module 1: Quality Legal Accountabilities (English),19APR_RD_LQAT_QLA_EN.zip
Программа: Leadership Quality Accountability Toolkit (for Senior Leaders only) Module 2: Accountabilities Matrix E-Learning,scorm,Module 2: Quality Accountabilities Matrix (English),19APR_RD_LQAT_QAM_EN.zip
Программа: Leadership Quality Accountability Toolkit (for Senior Leaders only) Module 3: My Quality Health Check E-Learning,scorm,"
Module 3: My Quality Health Check (English)",19APR_RD_LQAT_MQHC_EN.zip
Программа: Leadership Quality Accountability Toolkit (for Senior Leaders only) Module 4: Mars Quality Standards E-Learning,scorm,Module 4: Mars Quality Standards (English),19APR_RD_LQAT_MQS_EN.zip
Программа: Leadership Quality Accountability Toolkit (for Senior Leaders only) Module 5: Site Visit Checklist E-Learning,scorm,Module 5: Site Visit Checklist (English),19APR_RD_LQAT_SVC_EN.zip
Программа: Leadership Quality Accountability Toolkit (for Senior Leaders only) Module 6: Additional Resources E-Learning,scorm,"
Module 6: Additional Resources (English)",19APR_RD_LQAT_AR_EN.zip
Category Essential ONE Pager,Презентация,Category Essential ONE Pager,Category Essentials Infographic FINAL.pdf
"E-learning на основе книги Джима Кэмпа ""Сначала скажите нет""",scorm,"E-learning на основе книги Джима Кэмпа ""Сначала скажите нет""",Переговоры. 11 правил Кэмпа.zip
Shopper психология:как устроен наш мозг? Mars Petcare E-learning,scorm,Shopper психология:как устроен наш мозг? Mars Petcare,Shopper e-learning_Dual System Theory.pdf
Видеотренажер по технике работы с возражениями E-learning,scorm,Видеотренажер по технике работы с возражениями,МОРОЗ видео диалог.zip
Коммуникации с партнерами с учетом закона о заемном труде E-learning,scorm,Коммуникации с партнерами с учетом закона о заемном труде,Закон о заемном труде.zip
Category Essential Mars Wrigley E-learning,scorm,Category Essential Mars Wrigley,Category Essential.zip
Базовые инструкции по запуску и настройке программы SAP,презентация,Базовые инструкции по запуску и настройке программы SAP,Atals Hints&Tips 2023.pdf
P&L overview Pdf,презентация,P&L overview,P&L overview 1.pdf
P&L overview Pdf,презентация,Задача,Задача.pdf
Territory Management: управление результатом на территории E-learning,scorm,Цикл менеджмента как инструмент управления результатом,Territory Management. Цикл Менеджмента.zip
Territory Management: управление результатом на территории E-learning,scorm,Анализ и планирование: планирование действий на основе найденных при анализе инсайтов,Territory Management. Анализ и планирование.zip
Territory Management: управление результатом на территории E-learning,scorm,"Организация: Рекрутмент, Ресурсы, Процессы",Territory management. Организация.zip
Territory Management: управление результатом на территории E-learning,scorm,Руководство. Вводный курс,Руководство_ВИДЕОНАВИГАТОР_1.zip
Territory Management: управление результатом на территории E-learning,scorm,Ситуационное руководство как ключевой инструмент эффективной коммуникации с сотрудниками в организации,Territory management. Руководство. Ситуационное руководство.zip
Territory Management: управление результатом на территории E-learning,scorm,Собрание команды: фасилитация командных встреч и принципы группового руководства,Territory management. Руководство. СОБРАНИЕ.zip
Territory Management: управление результатом на территории E-learning,scorm,Беседа 1-2-1. Способы эффективной и результативной постановки задач при индивидуальном взаимодействии,Беседа 1-1.zip
Territory Management: управление результатом на территории E-learning,scorm,Принципы обучения взрослых людей,Territory management. Обучение. м1 Принципы.zip
Territory Management: управление результатом на территории E-learning,scorm,Обучение. ON JOB TRAINING,Territory management. Обучение. м2 OJT .zip
Territory Management: управление результатом на территории E-learning,scorm,Мотивация,Мотивация.zip
Territory Management: управление результатом на территории E-learning,scorm,Контроль и оценка,Territory Management Контроль и оценка.zip
Territory Management: управление результатом на территории E-learning,презентация,Книга стандартов,Книга стандартов. 9 глав с таблицами (1).pdf
Territory Management: управление результатом на территории E-learning,scorm,Кейс Baby Boom,Кейс Baby Boom 2021.zip
Mars Project Management E-Learning,scorm,Mars Project Management,	C10328v2.zip
Ethics and Compliance at Mars: Doing Business with Integrity E-Learning,scorm,Ethics and Compliance at Mars: Doing Business with Integrity,Mars Ethics and Compliance RUv2.zip
The Quality Management Process (QMP) Overview E-Learning,scorm,The Quality Management Process (QMP) Overview E-Learning (Essential) Lesson 1,4360.zip
The Quality Management Process (QMP) Overview E-Learning,презентация,QMP Document,4360_v2.pdf
Regulatory Compliance of Food Contact Materials E-Learning,scorm,Regulatory Compliance of Food Contact Materials,17JUN_R&D_REG_EN_V1.zip
Safety in Office E-Learning,scorm,Safety in Office,	21JUL_MSE_SIO.zip
Confidential Information at Mars E-learning,scorm,Confidential Information at Mars,Mars_CI_Russian.zip
Privacy at Mars: Protecting and Securing Personal Information E- Learning,scorm,Privacy at Mars: Protecting and Securing Personal Information,11701_v2.zip
E-Sourcing Parts I and II E-Learning,scorm,E-Sourcing Parts: TE2041,20DEC_COMM_ESOURC5_V1.zip
E-Sourcing Parts I and II E-Learning,scorm,E-Sourcing Parts: TE9003,20DEC_COMM_ESOURC2_V1.zip
E-Sourcing Parts I and II E-Learning,scorm,E-Sourcing Parts: TE2042,20DEC_COMM_ESOURC4_V1.zip
E-Sourcing Parts I and II E-Learning,scorm,E-Sourcing Parts: Te9004,20DEC_COMM_ESOURC1_V1.zip
E-Sourcing Parts I and II E-Learning,scorm,E-Sourcing Parts: TE2045,20DEC_COMM_ESOURC3_V1.zip
IEOM Introduction to the Essence of Mars - Digital Learning E-Learning,scorm,IEOM Introduction to the Essence of Mars - Digital Learning,IEOM_Russia_ver2.zip
Anti-Corruption E-Learning,scorm,Anti-Corruption,14660.zip
Mars Drive Safe Induction E-Learning,scorm,Mars Drive Safe Induction E-Learning,	19APR_SUPI_MDSI_RU.zip
The Role of the HQRM Accountable Risk Owner Video,видео,The Role of the HQRM Accountable Risk Owner Video,C10014.mp4
I&D Experience for all Associates Program,scorm,I&D Navigator - Get it Together,828000_v2.zip
I&D Experience for all Associates Program,scorm,Building Bridges,827008_v2.zip
I&D Experience for all Associates Program,scorm,Stand By Me,827006_v2.zip
I&D Experience for all Associates Program,scorm,"Knowing Me, Knowing You",827007_v2.zip
I&D Experience for all Associates Program,scorm,Now We're Talking,827009_v2.zip
I&D Experience for all Associates Program,scorm,Minus the Bias,827004_v2.zip
I&D Experience for all Associates Program,scorm,Inclusion & Diversity Advocate Social Badge,C10095_V2.zip
Change management learning journey E-Learning,видео,Why Change Management? | Defining why Change Management Capability is important to your project,d88327af296bd71220990990105969b8.mp4
Change management learning journey E-Learning,видео,The case for building change capability,Zhcq6K5aSp6jv0DHrKNW_738ac7a37bb650df9e1d5a3dff1aa9a2.mp4
Change management learning journey E-Learning,видео,"ADKAR - Awareness, Desire, Knowledge, Ability, Reinforcement",MCU5fEUwRgetOAKZnVQq_71314a147f56f474649c42675e012a1b.mp4
Change management learning journey E-Learning,презентация,Building Your Change Capability Resources Info Sheet,Building Change Capability 1 pager V0.5 (1).pdf
Progressive Maintenance Onboarding E-Learning,презентация,Progressive Maintenance Learning Objectives,1.PM Learning Objectives.pdf
Progressive Maintenance Onboarding E-Learning,презентация,PM Introduction Presentation,2.pm Introduction.pdf
Progressive Maintenance Onboarding E-Learning,презентация,PM Guidebook Presentation,PM-Guidebook.pdf
Progressive Maintenance Onboarding E-Learning,видео,PM Welcome Video,we9hIazVTBK0KTJGKO4Q_dc723400ba9afd2d1d1fffcfe5164470.mp4
Progressive Maintenance Onboarding E-Learning,презентация,How does the PM Pillar Interact with the rest of MSE? Presentation,5PM - MSE connection.pdf
Progressive Maintenance Onboarding E-Learning,видео,MSE Framework Video,hZ28wmZiSemClr1xlc6d_MSE Framework - MMU Smartcard - 1_1667822651_14705892.mp4
Progressive Maintenance Onboarding E-Learning,презентация,Mindset & Behaviours Presentation,PM - Mand B.pdf
Progressive Maintenance Onboarding E-Learning,Презентация,Pillar Team Go & See Presentation,Day 1 - PM- Pillar Team GoSee Capture Form - v2 2020Jul13.pdf
Progressive Maintenance Onboarding E-Learning,Презентация,PM Lubrication Management DMS Presentation,1.pm Lubrication Management EE.pdf
Progressive Maintenance Onboarding E-Learning,Презентация,Lubrication Management DMS - PM Pillar Video,OSU3hC7fQyCI7y7OzFsa_9003f6e97b9adbd06727fbb62c460459.mp4
Progressive Maintenance Onboarding E-Learning,Презентация,Lubrication Management- Storage Rooms Presentation,4.pm Lubrication Management- Lube Storage Rooms.pdf
Progressive Maintenance Onboarding E-Learning,Презентация,Stockroom Management DMS Welcome Presentation,4.pm Stockroom Management Essential Element Intro.pdf
Progressive Maintenance Onboarding E-Learning,видео,Stockroom Management DMS - PM Pillar Video,W8CTGjZ2Q3yG7vSaWk6e_78e30e54f891f0f2a9e7d07d25138099.mp4
Progressive Maintenance Onboarding E-Learning,Презентация,Stockroom Management deep-dive Presentation,day 2 Stockroom Management deep-dive-v1-2020jul08.pdf
Progressive Maintenance Onboarding E-Learning,видео,Stockroom Management Standards Video,MGBpR1icTbub88Uq2rfg_acc446a1b8a1b971cabd38c0382c2285.mp4
Progressive Maintenance Onboarding E-Learning,Презентация,2 Receiving storage standards deep dive Presentation,2 receiving-storage-standards-deep-dive-v1-2020jul08.pdf
Progressive Maintenance Onboarding E-Learning,Презентация,Go & See Exploration Lubrication and Stockroom Management Presentation,Day 2 - LM SM - GoSee Capture Form - v3 2020Jul13.pdf
Progressive Maintenance Onboarding E-Learning,Презентация,PM Pillar Assessment Presentation,pillar-assessment-document (13).pdf
Progressive Maintenance Onboarding E-Learning,Презентация,Breakdown Elimination DMS Welcome Presentation,1.pm Breakdown Elimination Essential Element Intro.pdf
Progressive Maintenance Onboarding E-Learning,Презентация,"Breakdown Elimination relates to Implementation Step 2 Correct Weaknesses. Next, let’s review the standard definitions failures, breakdowns, etc Presentation",1. failure-definition-v2-2020june10.pdf
Progressive Maintenance Onboarding E-Learning,Презентация,1. Failure-Definition Presentation,1. failure-definition-v2-2020june10 (1).pdf
Progressive Maintenance Onboarding E-Learning,Презентация,Failure Classification Presentation,2.failure-classifications-v1-2020june02.pdf
Progressive Maintenance Onboarding E-Learning,Презентация,Baseline Calculations Presentation,3.baseline-calculations-v1-2020june02.pdf
Progressive Maintenance Onboarding E-Learning,Презентация,BDE - Breakdown Analysis Card - for visibility please download,BDE - Breakdown Analysis Card V1.pdf
Progressive Maintenance Onboarding E-Learning,Презентация,BDE - Mars Dice Chart,BDE - Mars Dice Chart V1.pdf
Progressive Maintenance Onboarding E-Learning,Презентация,AM Support DMS Welcome Presentation,pm AM support Essential Element Intro.pdf
Progressive Maintenance Onboarding E-Learning,Презентация,Details of AM Support Presentation,Details of AM Support - v2 2020Jul15.pdf
Progressive Maintenance Onboarding E-Learning,Презентация,Equipment Ranking Presentation,4. equipment-ranking-v1-2020june02.pdf
Progressive Maintenance Onboarding E-Learning,видео,AM Support DMS - PM Pillar Video,LRRbbUpKSRu88Sd5F4uK_83a409e3cdea2bb10e174e0a8ca9ec17.mp4
Progressive Maintenance Onboarding E-Learning,Презентация,Go & See Exploration Presentation,Day 3 - AM Support - GoSee Capture Form - v3 2020Jul13.pdf
Progressive Maintenance Onboarding E-Learning,Презентация,PM Pillar Assessment Presentation,pillar-assessment-document (13_).pdf
Progressive Maintenance Onboarding E-Learning,Презентация,PM Maintenance Planning and Scheduling DMS Introduction Presentation,PM Maintenance Planning and Scheduling Essential Element Intro.pdf
Progressive Maintenance Onboarding E-Learning,Презентация,Maintenance Planning and Scheduling DMS Owner Responsibilities Presentation,4 - Maintenance Planning and Scheduling EE Owner Responsibilities - v2 2020Jul13.pdf
Progressive Maintenance Onboarding E-Learning,видео,Planning and Scheduling Video,0GNL6WwvQB22nT76i0EB_MSE PM Day 6 - v2_1709908626_3545721.mp4
Progressive Maintenance Onboarding E-Learning,Презентация,Workflow Examples Presentation,PM Maintenance Planning and Scheduling Essential Element  Workflow Examples.pdf
Progressive Maintenance Onboarding E-Learning,Презентация,Workflow Examples 2 Presentation,1.work-flow-examples-v1-2020june03.pdf
Progressive Maintenance Onboarding E-Learning,Презентация,PM Maintenance Planning and Scheduling DMS SIMPTWW,PM Maintenance Planning and Scheduling Essential Element  SIMPTWW.pdf
Progressive Maintenance Onboarding E-Learning,Презентация,SIMPTWW,2. SIMPTWW - v2 2020Jul15.pdf
Progressive Maintenance Onboarding E-Learning,Презентация,SIMPTWW Template,3. SIMPTWW Template .pdf
Progressive Maintenance Onboarding E-Learning,Презентация,Exloration SIMPTWW Activity - Capture Form,Day 4 - SIMPTWW Activity - Capture Form - v3 2020Jul15.pdf
Progressive Maintenance Onboarding E-Learning,Презентация,PM Maintenance Costs DMS Introduction Presentation,PM Maintenance Cost Essential Element Intro.pdf
Progressive Maintenance Onboarding E-Learning,Презентация,What are Maintenance Costs? Presentation,PM Maintenance Costs Essential Element What are Maintenance Costs.pdf
Progressive Maintenance Onboarding E-Learning,Презентация,Target Budget Setting Presentation,Day 4 - Target  Budget Setting - v2 2020Jul13.pdf
Progressive Maintenance Onboarding E-Learning,Презентация,Go & See Maintenance Cost Presentation,Day 4 - Maintenance Costs Go  See Capture Form - v4 2020Jul15.pdf
Progressive Maintenance Onboarding E-Learning,видео,PdM DMS Overview Video,O40mOfq8RjGDlcKZnbaP_968db52c460eb3d7ef68aef966b396dd_1709892468_10665349.mp4
Progressive Maintenance Onboarding E-Learning,видео,Asset Life Cycle and Mtx Strategies Video,Q7VO3E9bSAm8AjUCzcNf_1696bef4bb23134f8bb414a9cd8bf337_1709893042_10665369.mp4
Progressive Maintenance Onboarding E-Learning,Презентация,PM Pillar Assessment Presentation,pillar-assessment-document (13_).pdf
Progressive Maintenance Onboarding E-Learning,Презентация,Go & See Exploration: Predictive Maintenance Presentation,PM PIllar Pred Main Explroation Activity Capture Form.pdf
Pillar Management E-Learning,Презентация,What is the Purpose of an MSE Pillar? Presentation,What is the purpose of a Pillar.pdf
Pillar Management E-Learning,Презентация,Building Crucial Capabilities of your Pillar,Building critical capabilities of your Pillar.pdf
Pillar Management E-Learning,Презентация,Pillar Management Guidebook,MSE - Pillar Management Guidebook.pdf
Pillar Management E-Learning,Презентация,Capability Building Resources Presentation,Capability Building Resources (1).pdf
Pillar Management E-Learning,Презентация,Teach Coach Assess Presentation,Teach Coach Assess.pdf
Pillar Management E-Learning,Презентация,Supporting Pillar Maturity,Supporting Pillar Maturity.pdf
Pillar Management E-Learning,Презентация,Plan Example 1,example-strategic-pillar-plan-4647fbbd-2f348c34 (1).pdf
Pillar Management E-Learning,Презентация,Plan Example 2,ssip-example-2-552ce3c6 (1).pdf
Pillar Management E-Learning,Презентация,Exploration Activity Template Presentation,day-5-ssip-exploration-activity-form-b785560a (1).pdf
Pillar Management E-Learning,Презентация,MSE Assessment,MSE Assessment.pdf
Pillar Management E-Learning,Презентация,MSE Collaboration Presentation,MSE Collaboration.pdf
Pillar Management E-Learning,Презентация,Pillar Assessment Presentation,pillar-assessment-document (14).pdf
Onboarding for Focused Improvement E-Learning,Презентация,Focused Improvement Objectives Presentation,fi -objectives.pdf
Onboarding for Focused Improvement E-Learning,Презентация,Sign in to your account,FI Guidebook.pdf
Onboarding for Focused Improvement E-Learning,видео,Focused Improvement Introduction Video,0R8ID9R7Q8CjGRiJqZcn_48282198d400b9719171d544b21e229e.mp4
Onboarding for Focused Improvement E-Learning,Презентация,How the Focused Improvement Pillar Interacts with the rest of MSE,day-1-mse-fi-formula-one-analogy-v3-2017-aug01.pdf
Onboarding for Focused Improvement E-Learning,видео,MSE Implementation Steps: Go to your Pillar Guidebook and read more about your Pillar Implementation Steps Video,WozkjXeDT1WduN5Cg9Ne_a02634dbf2ff27f8d68b5c3d665a727e.mp4
Onboarding for Focused Improvement E-Learning,Презентация,FI Implementation Steps Presentation,fi -implementation.pdf
Onboarding for Focused Improvement E-Learning,Презентация,FI Teamstructure Presentation,fi-teamstructure-v4-2017aug21.pdf
Onboarding for Focused Improvement E-Learning,Презентация,Observable Behaviors: Take a moment to share: •A few observable behaviors you would expect to see of the FI Pillar Take a look at the contributions from your peers and add your comments in the discussion forum.,fi-observable-behaviors-v1-2018-mar06.pdf
Onboarding for Focused Improvement E-Learning,Презентация,FI Go & See Teamstructure: Share and discuss with your MSE coach,fi-intro-gosee-capture-form-v2-2020apr07.pdf
Onboarding for Focused Improvement E-Learning,Презентация,Essential Element FI Process Presentation,fi -intro to FI process.pdf
Onboarding for Focused Improvement E-Learning,видео,Infinite Loop Video,eQYjLCKQ32Ruq2S6wpgm_0814986d4feb16e72c8028d25d1e7c8b.mp4
Onboarding for Focused Improvement E-Learning,Презентация,FI Process KPI Exploration Presentation,FI Process kpi.pdf
Onboarding for Focused Improvement E-Learning,Презентация,FI Process Go&Seee Presentation,fi-the-fi-process-gosee-capture-form-v2-2020apr08.pdf
Onboarding for Focused Improvement E-Learning,Презентация,FI - Infinite Loop Assessment - please download,Copy of Copy of FI - Infinite Loop Assessment-V4.pdf
Onboarding for Focused Improvement E-Learning,Презентация,"FI Process Pillar Assessment: As with all our Essential Elements, as you explore the new standards you will start to identify strengths and opportunities where processes and systems at your site can be improved. Its important that you capture these insights as you go along, as they will help you complete your FI Pillar 90-Day Plan at the end of this learning journey.",fi-pillar-assessment-document-v2-2020ap07.pdf
Onboarding for Focused Improvement E-Learning,Презентация,FI Loss Analysis Presentation,fi -welcome to FI loss analysis.pdf
Onboarding for Focused Improvement E-Learning,Презентация,How to define a Loss Presentation,fi -intro to FI how to loss analysis.pdf
Onboarding for Focused Improvement E-Learning,видео,Loss Analysis Video,urEL8lZWRAGlvheFxZbF_1851c02d8bc157a76f691682ea933025.mp4
Onboarding for Focused Improvement E-Learning,Презентация,FI Loss Tree Presentation,fi -intro to FI loss tree.pdf
Onboarding for Focused Improvement E-Learning,Презентация,Cost Loss Tree Methodology Presentation,cost-loss-tree-methodology-v3-2019-oct-03.pdf
Onboarding for Focused Improvement E-Learning,Презентация,Loss Analysis - Balances Overview Presentation,Fi - Loss Analysis - Balances Overview - v2 2020Apr21.pdf
Onboarding for Focused Improvement E-Learning,Презентация,FI: Data Systems Presentation,fi -intro to FI loss - data systems intro.pdf
Onboarding for Focused Improvement E-Learning,Презентация,Loss Analysis: Data Systems Presentation,loss-analysis-data-systems.pdf
Onboarding for Focused Improvement E-Learning,Презентация,Building a Loss Tree Presentation,fi-loss-analysis-building-a-loss-tree.pdf
Onboarding for Focused Improvement E-Learning,Презентация,Loss Analysis KPIs Presentation,fi-loss-analysis-kpis.pdf
Onboarding for Focused Improvement E-Learning,Презентация,Loss Analysis Go & See Presentation,fi-loss-analysis-gosee-capture-form-v1-2020mar26_BzLjZ8J.pdf
Onboarding for Focused Improvement E-Learning,Презентация,Bridge Chart Example Presentation,fi-bridge-chart-example_VOaNkaf.pdf
Onboarding for Focused Improvement E-Learning,Презентация,FI Problem Solving Presentation,fi -welcome to FI lProblem solving.pdf
Onboarding for Focused Improvement E-Learning,Видео,FI: Join the Dots Podcast,ty4xkVQERZK9ya54Xckg_a0e32fd88b80b68e88ba63c3b1c71e60.mp4
Onboarding for Focused Improvement E-Learning,Презентация,Problem solving methodology Presentation,Problem solving methodology intro.pdf
Onboarding for Focused Improvement E-Learning,Презентация,Problem Solving Methods Presentation,mse_fi_problemsolvingmethodshandout_v6-2019-april-11.pdf
Onboarding for Focused Improvement E-Learning,Презентация,"Please download the file: In manufacturing, the majority of problems are typically resolved via using Basic Problem Solving methodology. Depending on problem complexity, Associates would use the form in full or just the first few steps of the method. These problems would normally be deviations to standards. Complex problem solving methods are used less frequently while their purpose would normally be to improve current standards. Spend a few minutes exploring our Basic and Complex Problem Solving Assessment Tools.",Basic Problem Solving Assesment tool v3.pdf
Onboarding for Focused Improvement E-Learning,Презентация,Complex Problem Solving Assesment: please download,Copy of FI - Complex Problem Solving Assesment.pdf
Onboarding for Focused Improvement E-Learning,Презентация,"Download the file: We are now going to explore an example of complex problem solving. This example draws on something you maybe familiar with in your home life … preparing for a half-marathon. Download and explore this case study, along with the Complex Problem Solving Assessment Form",pdca-halfmarathon.pdf
Onboarding for Focused Improvement E-Learning,Презентация,Complex Problem Solving Example Line-5 Process Waste Presentation,complex-problem-solving-example-complex-problem-line-5-process-waste-002.pdf
Onboarding for Focused Improvement E-Learning,Презентация,Complex Problem Solving Example Peterborough Case-study,complex-problem-solving-example-peterborough-petcare-complex-problem-solving-case-study-v2-2019-oct-10.pdf
Onboarding for Focused Improvement E-Learning,Презентация,Measuring Problem Solving Effectiveness Presentation,fi-problem-solving-measuring-effectiveness-of-ps.pdf
Onboarding for Focused Improvement E-Learning,Презентация,Problem Solving and Coaching Presentation,fi-problem-solving-and-coaching.pdf
Onboarding for Focused Improvement E-Learning,Презентация,Problem Solving Go & See Presentation,fi-problem-solving-gosee-capture-form-v2-2020apr08.pdf
FMOS Onboarding Journey E-Learning,Презентация,Welcome to FMOS Presentation,1FMOS - objectives.pdf
FMOS Onboarding Journey E-Learning,Презентация,FMOS Guidebook,FMOS Guidebook (1).pdf
FMOS Onboarding Journey E-Learning,Презентация,FMOS - Intro Presentation,FMOS - Intro.pdf
FMOS Onboarding Journey E-Learning,видео,Welcome to FMOS Video,kZEo77HTRF67Xo4Xp7SQ_6fd9a57bfc62ddc5a3eca06ab2a22d02.mp4
FMOS Onboarding Journey E-Learning,видео,MSE Framework Video,hZ28wmZiSemClr1xlc6d_MSE Framework - MMU Smartcard - 1_1667822651_14705892.mp4
FMOS Onboarding Journey E-Learning,презентация,Understanding Factory Layout & Organization Presentation,day1 fmos factory layout.pdf
FMOS Onboarding Journey E-Learning,презентация,Go & See Activity Presentation,day-1-fmos-current-site-fmos-gosee-capture-form-v1-2020apr20_O98C1jB.pdf
FMOS Onboarding Journey E-Learning,презентация,FMOS - welcome KRI setting Presentation,FMOS - welcome kpi setting.pdf
FMOS Onboarding Journey E-Learning,презентация,FMOS - Leading and Lagging KPI Presentation,FMOS - Leading and Lagging KPI.pdf
FMOS Onboarding Journey E-Learning,презентация,FMOS Pillar Assessment Document Presentation,pillar-assessment-document (9).pdf
FMOS Onboarding Journey E-Learning,презентация,Work Instruction Template for KPI Setting Presentation,Day 1 Exploration Activity Form.pdf
FMOS Onboarding Journey E-Learning,презентация,FMOS - welcome DMS setting Presentation,FMOS - welcome DMS setting.pdf
FMOS Onboarding Journey E-Learning,видео,Introduction to DMS Foundational Element Presentation,eEd8gQ4OQySc2JJv3xYO_c8dd42536a32e56d110da3e956639175.mp4
FMOS Onboarding Journey E-Learning,презентация,FMOS - Ownership DMS Presentation,FMOS - Ownership DMS.pdf
FMOS Onboarding Journey E-Learning,презентация,FMOS Pillar RND DMS Presentation,RND DMS.pdf
FMOS Onboarding Journey E-Learning,презентация,DMS Key Takeaways: Take a look at the document below as a summary of the Daily Management System Foundational Element of the FMOS Pillar.,day-2-fmos-dms-takeaways-v2-2020may11.pdf
FMOS Onboarding Journey E-Learning,презентация,DMS Exploration Activity Capture Form Presentation,Day 2 DMS EE Exploration Activity Form.pdf
FMOS Onboarding Journey E-Learning,презентация,FMOS Pillar Assessment Document Presentation,pillar-assessment-document (9) (1).pdf
FMOS Onboarding Journey E-Learning,презентация,FMOS - welcome Problem Solving Management Presentation,FMOS - welcome Problem Solving Management.pdf
FMOS Onboarding Journey E-Learning,презентация,FMOS Problem Solving Management Overview Presentation,FMOS problem-solving-overview.pdf
FMOS Onboarding Journey E-Learning,презентация,Link Between FMOS Problem Solving Management and MSE Focused Improvement Pillar,day-8-mse-fmos-problem-solving-analogy-v2-2017-dec15.pdf
FMOS Onboarding Journey E-Learning,презентация,Problem Solving Management Flow Presentation,mse-fmos-problem-solving-flow-v4-2020-jan-07-proprint.pdf
FMOS Onboarding Journey E-Learning,презентация,EXPLORATION – Preparation for Problem Solving Management Go & See Activity Presentation,Day 2 PS EE Exploration Activity Form.pdf
FMOS Onboarding Journey E-Learning,презентация,FMOS Pillar Assessment Document,pillar-assessment-document (9) (2).pdf
FMOS Onboarding Journey E-Learning,презентация,FMOS - welcome Escalation Management Presentation,FMOS - welcome Escalation Management.pdf
FMOS Onboarding Journey E-Learning,презентация,Escalation Management Overview Presentation,Day 3 - FMOS - Esc Mgmt Overview - v2 2020May14.pdf
FMOS Onboarding Journey E-Learning,презентация,Escalation Management: Shifting the way we work Presentation,day-3-fmos-esc-mgmt-v2-2020apr24.pdf
FMOS Onboarding Journey E-Learning,презентация,Go & See on Escalation Management Presentation,Day 4 EM EE Exploration Activity Form.pdf
FMOS Onboarding Journey E-Learning,презентация,FMOS Pillar Assessment Document,pillar-assessment-document (9) (3).pdf
FMOS Onboarding Journey E-Learning,презентация,FMOS - Welcome Meeting Structure Essential Element Presentation,FMOS - Welcome Meeting Structure Essential Element.pdf
FMOS Onboarding Journey E-Learning,презентация,FMOS Connection Point Meetings Presentation,day-4-mse-fmos-connection-meetings-v2-2017-jun12.pdf
FMOS Onboarding Journey E-Learning,презентация,FMOS - Why We Are Transforming Our Meeting Structures in FMOS Presentation,FMOS - Why We Are Transforming Our Meeting Structures in FMOS.pdf
FMOS Onboarding Journey E-Learning,видео,Connection Point 1 Video,1wn8OxUBSdeXAHM4y02F_181ca9c6c8bc64dabe4ed710d7d60e50.mp4
FMOS Onboarding Journey E-Learning,видео,Connection Point 2 Video,BCUXN1CkTXGyEdmoDlRs_83220e202f3cacade66c374eb0aa0199.mp4
FMOS Onboarding Journey E-Learning,видео,Connection Point 3 Video,q3lXciLRyOe0MbUMfMlv_5c4591ca233c3035b2b7d32fe4a493fb.mp4
FMOS Onboarding Journey E-Learning,видео,Connection Point 4 Video,PVpruAtRdO9YPcAjMXtG_42b2e551e4be46ad96bba980b3931ab1.mp4
FMOS Onboarding Journey E-Learning,Презентация,FMOS Connection Point Meetings Presentation,mse-fmos-cp-meeting-posters-v6-2019-nov12-usproprint.pdf
FMOS Onboarding Journey E-Learning,Презентация,FMOS Connection Point Meetings: coaching cards CP 0-4; please download,Copy of 090-mse-fmos-cp0-1-2-3- 4 -coaching-card .pdf
FMOS Onboarding Journey E-Learning,Презентация,Go & See Connection Point Meetings Presentation,Day 3 Meeting Structure EE Exploration Activity Form.pdf
FMOS Onboarding Journey E-Learning,Презентация,FMOS Pillar Assessment Document,pillar-assessment-document (9)4.pdf
FMOS Onboarding Journey E-Learning,Презентация,Connection Point Meeeting Structure Presentation,FMOS структура.pdf
FMOS Onboarding Journey E-Learning,Презентация,Meeting Structure Overview Presentation,FMOS - Day 3 - Meeting Structure Overview - v1 - 2020May18.pdf
Leadership Pillar Onboarding E-Learning,Презентация,Welcome to the MSE Leadership Pillar Presentation,Welcome to the MSE Leadership Pillar.pdf
Leadership Pillar Onboarding E-Learning,Презентация,Purpose of the Leadership Pillar Training Presentation,Purpose of the Leadership Pillar Training.pdf
Leadership Pillar Onboarding E-Learning,Презентация,LS Guidebook,LS Guidebook.pdf
Leadership Pillar Onboarding E-Learning,видео,Watch this “Introduction to the Leadership Pillar” video to understand more about the Leadership Pillar and the benefits you see the MSE Leadership Pillar bringing to you and your site,u41JFyW2R2aDLJ073lgR_c9b45c68f71776f6cabe461ad146dbc5.mp4
Leadership Pillar Onboarding E-Learning,Презентация,Why Leadership is important Presentation,Why Leadership is important.pdf
Leadership Pillar Onboarding E-Learning,Презентация,The Leadership Elements Presentation,The Leadership Elements.pdf
Leadership Pillar Onboarding E-Learning,Презентация,Leadership Elements Overview Presentation,leadership-elements-v1_gjcXWVK.pdf
Leadership Pillar Onboarding E-Learning,видео,MSE Framework Video,hZ28wmZiSemClr1xlc6d_MSE Framework - MMU Smartcard - 1_1667822651_14705892.mp4
Leadership Pillar Onboarding E-Learning,Презентация,How does the Leadership Pillar Interact with the Rest of MSE?,LS -MSE connections.pdf
Leadership Pillar Onboarding E-Learning,Презентация,LS Team Structure Presentation,LS -team structure.pdf
Leadership Pillar Onboarding E-Learning,Презентация,Intro Capable Organization Presentation,Intro Capable organization.pdf
Leadership Pillar Onboarding E-Learning,Презентация,DMS Owner,dms-owner-1pager-e7fec094.pdf
Leadership Pillar Onboarding E-Learning,Презентация,Capability Building,capability-building-1pager-50fb12bc (1).pdf
Leadership Pillar Onboarding E-Learning,Презентация,Development Plan Overview,development-plan1pager-3846478d.pdf
Leadership Pillar Onboarding E-Learning,Презентация,Factory Skills Matrix,factory-skills-matrix-1pager-97159f00.pdf
Leadership Pillar Onboarding E-Learning,Презентация,HPC Overview,hpc-1pager-f80a8037.pdf
Leadership Pillar Onboarding E-Learning,Презентация,Skills Matrix Overview,skills-matrix-1pager-4006f190.pdf
Leadership Pillar Onboarding E-Learning,Презентация,Talent Development & Succession Planning Overview,talent-development-and-succession-planning-1pager-2cbd6f27.pdf
Leadership Pillar Onboarding E-Learning,Презентация,Triad Overview,triad-1pager-2b900389.pdf
Leadership Pillar Onboarding E-Learning,Презентация,New Responsibilities Presentation,3. new-responsibilities.pdf
Leadership Pillar Onboarding E-Learning,Презентация,Organisation Structure Presentation,4. Organisational structures.pdf
Leadership Pillar Onboarding E-Learning,Презентация,Ownership and Accountability Presentation,5. ownership-and-accountability.pdf
Leadership Pillar Onboarding E-Learning,Презентация,LS -DMS Ownership and Accountability Presentation,LS -DMS Ownership and Accountability.pdf
Leadership Pillar Onboarding E-Learning,Презентация,Capability Building Template: The next part of your exploration activities requires you to consider Capability Building. Reflect on your current organization in the Capability Building Document below. Spend some time doing a gap analysis of your organization against the required qualification levels of the MSE Roles. Please download the file.,7. capability-building-template.pdf
Leadership Pillar Onboarding E-Learning,Презентация,Example on Capability Building Score Card: please download for better visibility,6.example-mwna-capability-building-score-card.pdf
Leadership Pillar Onboarding E-Learning,Презентация,Leadership Pillar Assessment Document,pillar-assessment-document (10).pdf
Leadership Pillar Onboarding E-Learning,Презентация,Pillar Assessments Presentation,pillar-assessment-document (10) (1).pdf
Leadership Pillar Onboarding E-Learning,Презентация,Intro Setting Strategic Direction Presentation,Intro Setting Strategic Direction.pdf
Leadership Pillar Onboarding E-Learning,Презентация,Strategic Cascade Presentation,Strategic Cascade.pdf
Leadership Pillar Onboarding E-Learning,Презентация,Creating A Robust CBN Presentation,Creating a Robust CBN.pdf
Leadership Pillar Onboarding E-Learning,Презентация,Example 1: Cascade From Loss Analysis To SSIP To Governance,ssip-chb-v2-6b93fda6.pdf
Leadership Pillar Onboarding E-Learning,Презентация,Example 2: Cascade From Loss Analysis To SSIP To Governance,example-ssip-mom-1-year-94b5b3cd_d732b347-dc20c619-422a90ca.pdf
Leadership Pillar Onboarding E-Learning,Презентация,Exploration Activity Template Presentation,day-2-set-clear-direction-3d563650.pdf
Leadership Pillar Onboarding E-Learning,Презентация,Intro Deliver Consistently Superior Results Presentation,Intro Deliver Consistently Superior Results.pdf
Leadership Pillar Onboarding E-Learning,Презентация,The Bouncing Ball Presentation,The Bouncing Ball.pdf
Leadership Pillar Onboarding E-Learning,Презентация,Exploration Go & See Activity - Deliver consistent results Presentation,day-2-deliver-consistent-results-go-see-capture-form_w0a81wb_a5360c7d-d475b5b5.pdf
Leadership Pillar Onboarding E-Learning,Презентация,Pillar Assessments Presentation,pillar-assessment-document (1.0).pdf
Leadership Pillar Onboarding E-Learning,Презентация,Intro Engage and Energize Presentation,Intro Engage and Energize.pdf
Leadership Pillar Onboarding E-Learning,видео,Engage and Energize Example Video,OU7Ka1QaRDCKiRJ5my4Y_a325885df40286cfa9c6c85373061c21.mp4
Leadership Pillar Onboarding E-Learning,Презентация,Example: Engage and Energize,1. example-engage-and-energize.pdf
Leadership Pillar Onboarding E-Learning,Презентация,Example Global MSE newsletter,2. global-mse-newsletter-q4-2020.pdf
Leadership Pillar Onboarding E-Learning,Презентация,Example MSE newsletter,3. mse-newsletter-9-screenshot-tekst.pdf
Leadership Pillar Onboarding E-Learning,видео,Gain Buy-in Video,CJv8GqbYSYCAmjdnH2dc_972148edcca9a23cf7a4bd6258c603b4.mp4
Leadership Pillar Onboarding E-Learning,видео,"ADKAR - Awareness, Desire, Knowledge, Ability, Reinforcement Video",MCU5fEUwRgetOAKZnVQq_71314a147f56f474649c42675e012a1b.mp4
Leadership Pillar Onboarding E-Learning,Презентация,Tips for a change story: An engaging Change Story will make a tangible different to a transformation’s success and engages the hearts and minds of our Associates. There is an art to creating a compelling Change Story. Just look at some examples,day-3-engage-ad-energize-tips-for-change-story.pdf
Leadership Pillar Onboarding E-Learning,Презентация,Intro Nurture the Culture Presentation,Intro Nurture the Culture.pdf
Leadership Pillar Onboarding E-Learning,Презентация,"Current State, Future State & Tools Capture Template",nurture-the-culture-a5bab9a2.pdf
Leadership Pillar Onboarding E-Learning,Презентация,No Meeting Zone Presentation,no-meeting-zone-1pager-8f0e9ce3.pdf
Leadership Pillar Onboarding E-Learning,Презентация,FMOS Coaching Presentation,fmos-coaching-copy-be4e93d7.pdf
Leadership Pillar Onboarding E-Learning,Презентация,Coaching Problem Solving Presentation,coaching-ps-1pager-b54eace5.pdf
Leadership Pillar Onboarding E-Learning,Презентация,Go & See Presentation,gosee-1pager-3128c607.pdf
Leadership Pillar Onboarding E-Learning,Презентация,MSE Coaching Presentation,1. -nurture-the-culture-mse-coaching.pdf
Leadership Pillar Onboarding E-Learning,видео,Coaching Example Video,xn32FQsPSQKqQGSt9ghA_3368865dc1f534cdd1da33101a9304c7.mp4
Leadership Pillar Onboarding E-Learning,презентация,"Process Confirmation: Let’s remember that the aim of Leadership is to build the capabilities of our Associates and Leaders in order to drive performance and behavior in line with the site strategy. One component of this is to drive the mindset of commitment to standards through Process Confirmation and develop people first. Let’s spend a few minutes deep-diving into what we mean by Process Confirmation, why it is important and what the process is.",2. nurture-the-culture-process-confirmation.pdf
Safety Pillar Onboarding E-Learning,презентация,Safety Learning Objectives Presentation,Safety Learning Objectives.pdf
Safety Pillar Onboarding E-Learning,презентация,Safety - Terminology Reference Presentation,Safety - Terminology Reference - V1 2020 Apr 16.pdf
Safety Pillar Onboarding E-Learning,видео,Introduction to MSE Safety Pillar Video,OneaBfIIQhGhpyMicuSD_6647017c55e476e810c7c4c4501ad8ba.mp4
Safety Pillar Onboarding E-Learning,презентация,Zero Loss Journey Presentation,zero loss .pdf
Safety Pillar Onboarding E-Learning,презентация,A Day in the Life of a MSE Safety Pillar Presentation,a day in the life of safety.pdf
Safety Pillar Onboarding E-Learning,презентация,Mindset and Behaviour Presentation,Mindset and Behaviour.pdf
Safety Pillar Onboarding E-Learning,презентация,Explore: It’s time to prepare to get active. Complete an activity to explore the make up of your Safety Pillar Team at your site.,day-1-safety-pillar-team-gosee-capture-form-v1-2020apr13.pdf
Safety Pillar Onboarding E-Learning,презентация,Implementation Steps and Bradley Curve Presentation,Day 1 - Imp Steps  Bradley Curve - v5 2020May05.pdf
Safety Pillar Onboarding E-Learning,презентация,Safety Pillar Pre-Cursor Requirements Presentation,day-1-precursor-req-go-see-capture-form-v3-2020apr21.pdf
Safety Pillar Onboarding E-Learning,презентация,Safety Pillar Guidebook Step 0-4,Safety - Pillar Guidebook - Step 0-4.pdf
Safety Pillar Onboarding E-Learning,презентация,HSE Management System Essential Element,HSE Management System.pdf
Safety Pillar Onboarding E-Learning,видео,HSE Management System: Risk and Losses Video,IwZC5HeoTCqutaRbgqMG_a73db9f3b744f2919560f3076bc5ce99.mp4
Safety Pillar Onboarding E-Learning,презентация,HSE Management System Initial Risk Assessment Presentation,HSE Management System Initial Risk Assessment.pdf
Safety Pillar Onboarding E-Learning,презентация,Risk Assessment Deep Dive Presentation,Safety - Day 2 - Risk Assessment Deep Dive - v3 2020Apr13.pdf
Safety Pillar Onboarding E-Learning,презентация,HSE Management System Qualitative Risk Assessment Presentation,HSE Management System Qualitative Risk Assessment.pdf
Safety Pillar Onboarding E-Learning,презентация,HSE Management System Legal Registry/ Legal Requirements Presentation,HSE Management System Legal Registry.pdf
Safety Pillar Onboarding E-Learning,презентация,HSE Management Exploration Legal Registry see next smart cards with Example Presentation,HSE Management Exploration Legal Registry.pdf
Safety Pillar Onboarding E-Learning,презентация,Safety Legal Registry Capture form Presentation,safety-day-2-legal-registry-capture-form-v4-2020apr24.pdf
Safety Pillar Onboarding E-Learning,презентация,Example of Line 6 Legal Registry: For full visibility please download,Copy of line-6-risk-register-004_zD56D5P.pdf
Safety Pillar Onboarding E-Learning,презентация,Example of Legal Registry: please download via black icon top left for proper visibility,Copy of mse_hse_example-of-legal-registry-1_EATFTT6.pdf
Safety Pillar Onboarding E-Learning,презентация,Copy of mse_hse_example-of-legal-registry-1_EATFTT6.pdf,HSE Management General Safety Rules.pdf
Safety Pillar Onboarding E-Learning,презентация,Example General Safety Guideline,day-8-hse-tools-element-2-general-safety-guidelines-rules_v2_2017nov06.pdf
Safety Pillar Onboarding E-Learning,презентация,HSE Management Checking and Review Presentation,HSE Management Checking and Renew.pdf
Safety Pillar Onboarding E-Learning,видео,HSE - Connections Podcast,RLZELBUwT4Gui8LyNEjv_10fac6413a70556ccca7af8e7b3330f7.mp4
Safety Pillar Onboarding E-Learning,презентация,HSE Management Checking and Renew: Share your reflection with your Coach Presentation,HSE Management Checking and Renew Reflect.pdf
Safety Pillar Onboarding E-Learning,презентация,Welcome to Incident Management Essential Element Presentation,Incident Management EE.pdf
Safety Pillar Onboarding E-Learning,презентация,Incident Management Deep Dive Presentation,day-2-incident-management-deep-dive-v3-2020apr14.pdf
Safety Pillar Onboarding E-Learning,презентация,Incident Management Go & See Activity: share with your coach Presentation,day-2-inc-management-go-see-capture-form-v2-2020apr24.pdf
Safety Pillar Onboarding E-Learning,презентация,Welcome to Daily Confirmation Presentation,Daily Confirmation.pdf
Safety Pillar Onboarding E-Learning,презентация,Daily Confirmation Overview Presentation,day-4-daily-safety-confirmation-overview-v2-2020apr14.pdf
Safety Pillar Onboarding E-Learning,презентация,Daily Confirmation Deep Dive Presentation,day-4-dsts-deep-dive-v2-2020apr21-latest.pdf
Safety Pillar Onboarding E-Learning,презентация,Example Visual Board,visual-board-standard-example.pdf
Safety Pillar Onboarding E-Learning,презентация,Example Level Cards,level-cards-rv1.pdf
Safety Pillar Onboarding E-Learning,презентация,Daily Confirmation Form,dsts-form-daily-rv1.pdf
Safety Pillar Onboarding E-Learning,видео,DSC in action Video,ZdPpuykWSGtJCsndAacu_886eb9acb8d38619254ef86f6b4129a2.mp4
Safety Pillar Onboarding E-Learning,презентация,Daily Safety Confirmation Trigger Presentation,Daily Safety Trigger.pdf
Safety Pillar Onboarding E-Learning,презентация,Daily Safety Trigger Cycle Presentation,day-4-dsts-daily-cycle-overview-v2-2020apr14.pdf
Safety Pillar Onboarding E-Learning,презентация,Daily Safety Confirmation Go & See activity Presentation,day-4-dsts-go-see-capture-form-v1-2020apr04.pdf
Safety Pillar Onboarding E-Learning,презентация,Daily Safety Confirmation Walk Presentation,8.  Safety Conversation Walk- v3 2020Aaug17.pdf
Safety Pillar Onboarding E-Learning,презентация,SCW Example,scw-example.pdf
Safety Pillar Onboarding E-Learning,презентация,Safety Conversation Walk Tracking From,Copy of safety-safety-conversation-walk-tracking-r0.pdf
Safety Pillar Onboarding E-Learning,презентация,Critical Risk Confirmation Presentation,MSE_Safety_Critical Risk Confirmation Gallery Walk V3 2018 Oct 09 [ProPRINT].pdf
Safety Pillar Onboarding E-Learning,видео,SAC Video,35adIt92Sr6JUbYQTB9P_bacc0007d92f8fca25cdcefc11554a80.mp4
Safety Pillar Onboarding E-Learning,презентация,Stop Assess Control Deep Dive Presentation,day-5-sac-v1-2020apr04.pdf
Safety Pillar Onboarding E-Learning,презентация,Stop Assess Control Activity Presentation,SAC go and See.pdf
Safety Pillar Onboarding E-Learning,презентация,Go & See activity: The Role of the Pillar Lead Presentation,Day 5 - Role of Pillar Lead Go & See Capture Form - v1 2020Apr04.pdf
Safety Pillar Onboarding E-Learning,презентация,Critical Risk Confirmation Example,Critical Risk Confirmation Mock.pdf
Safety Pillar Onboarding E-Learning,презентация,Peer Observation EE Presentation,peer observation.pdf
Safety Pillar Onboarding E-Learning,видео,Peer Observation Essential Element Video,sEQxcqoVQsWZ8Hjlk5mp_a00c3b112301aeb2d631951d605da78a.mp4